Rank,Name,Symbol,marketcap,price (SGD),country,ticker,cik
1,NVIDIA,NVDA,5698270633140.0,234.44849328995,United States,NVDA,0001045810
2,Apple,AAPL,4812302126792.5,327.41370887756,United States,AAPL,0000320193
3,Alphabet (Google),GOOG,4695538918140.0,388.15729851723,United States,GOOG,0001288776
3,Alphabet (Google),GOOG,4695538918140.0,388.15729851723,United States,GOOG,0001652044
4,Microsoft,MSFT,3823549928208.8,514.44507761002,United States,MSFT,0000789019
5,Amazon,AMZN,2879448151360.0,268.23191437721,United States,AMZN,0001018724
6,TSMC,TSM,2235604788801.2,431.04265685081,Taiwan,TSM,0001062195
7,Meta Platforms (Facebook),META,2066577209780.6,816.9724770546,United States,META,0001326801
8,Broadcom,AVGO,2039199747919.4,430.09533848763,United States,AVGO,0001317092
8,Broadcom,AVGO,2039199747919.4,430.09533848763,United States,AVGO,0001441634
8,Broadcom,AVGO,2039199747919.4,430.09533848763,United States,AVGO,0001649338
8,Broadcom,AVGO,2039199747919.4,430.09533848763,United States,AVGO,0001730168
9,Tesla,TSLA,1897514729790.0,505.67598195076,United States,TSLA,0001318605
10,Samsung,005930.KS,1052569608237.4,157.42638972282,South Korea,,
11,Tencent,TCEHY,799853718735.0,88.663878154755,China,,
12,ASML,ASML,679393188573.12,1730.2385855675,Netherlands,,
13,Oracle,ORCL,585596789749.84,203.7502576828,United States,ORCL,0000777676
13,Oracle,ORCL,585596789749.84,203.7502576828,United States,ORCL,0001341439
14,Micron Technology,MU,584041221636.25,518.91283583641,United States,MU,0000723125
15,SK Hynix,000660.KS,539038723804.68,780.70042502403,South Korea,,
16,Netflix,NFLX,512131296606.88,120.73188490868,United States,NFLX,0001065280
17,Palantir,PLTR,469975161623.28,196.50455236435,United States,PLTR,0001321655
18,AMD,AMD,412720330079.69,253.13882856369,United States,AMD,0000002488
19,Alibaba,BABA,410151459284.22,171.7974653244,China,,
20,Cisco,CSCO,393211484867.03,99.519634532928,United States,CSCO,0000858877
21,Applied Materials,AMAT,342648620682.97,431.75954642296,United States,AMAT,0000006951
22,Lam Research,LRCX,336843020506.25,268.1807079792,United States,LRCX,0000707549
23,IBM,IBM,297422584632.66,317.07001647949,United States,IBM,0000051143
24,Intel,INTC,289356894958.75,57.9272377491,United States,INTC,0000050863
25,SAP,SAP,286769231333.28,243.87047052383,Germany,,
26,Salesforce,CRM,239038316590.55,255.11027488708,United States,CRM,0001108524
27,KLA,KLAC,237094181547.73,1804.4750610828,United States,KLAC,0000319201
28,Texas Instruments,TXN,221510646753.05,243.29439854622,United States,TXN,0000097476
29,Arista Networks,ANET,216067941157.42,171.57983813286,United States,ANET,0001017172
29,Arista Networks,ANET,216067941157.42,171.57983813286,United States,ANET,0001474439
29,Arista Networks,ANET,216067941157.42,171.57983813286,United States,ANET,0001596532
30,Shopify,SHOP,210794203238.67,161.51778092384,Canada,SHOP,0001108482
31,Schneider Electric,SU.PA,210580636436.7,374.55047840595,France,,
32,AppLovin,APP,194396536201.48,575.21427044868,United States,APP,0001336545
32,AppLovin,APP,194396536201.48,575.21427044868,United States,APP,0001751008
33,Uber,UBER,194096941576.8,93.413271570206,United States,UBER,0001543151
34,Analog Devices,ADI,192037427786.41,393.35474791527,United States,ADI,0000006281
35,PDD Holdings (Pinduoduo),PDD,184681607901.95,130.08985414505,China,,
36,QUALCOMM,QCOM,179317261695.7,167.89297747612,United States,QCOM,0000804328
37,Palo Alto Networks,PANW,175619919212.19,215.2204908371,United States,PANW,0001327567
38,Booking Holdings (Booking.com),BKNG,174041436849.96,5399.3434237957,United States,BKNG,0001075531
39,Sony,SONY,163136519707.93,27.472232532501,Japan,,
40,Arm Holdings,ARM,156508869550.62,147.37201347351,United Kingdom,ARM,0001113256
41,Intuit,INTU,155008683655.35,557.03599915504,United States,INTU,0000896878
42,ServiceNow,NOW,152594434224.57,144.61966958046,United States,NOW,0000760436
42,ServiceNow,NOW,152594434224.57,144.61966958046,United States,NOW,0001373715
43,Delta Electronics,2308.TW,143966879932.83,55.424269014359,Taiwan,,
44,CrowdStrike,CRWD,143353301274.69,565.24182443619,United States,CRWD,0001417900
44,CrowdStrike,CRWD,143353301274.69,565.24182443619,United States,CRWD,0001535527
45,Xiaomi,XIACF,142641659170.35,5.5046877861023,China,,
46,Adobe,ADBE,141770917722.3,345.36155138016,United States,ADBE,0000796343
47,Tokyo Electron,8035.T,141175627475.29,307.97319987297,Japan,,
48,Advantest,6857.T,137993667908.17,189.97317629814,Japan,,
49,Spotify,SPOT,134316341096.72,652.35670905113,Sweden,SPOT,0001037388
50,Dell,DELL,128617300041.45,191.90877814293,United States,DELL,0000826083
50,Dell,DELL,128617300041.45,191.90877814293,United States,DELL,0001571996
51,Delta Electronics (Thailand),DELTA.BK,126757544698.62,10.161884081936,Thailand,,
52,Equinix,EQIX,122193455608.59,1243.6369868755,United States,EQIX,0001101239
53,Foxconn (Hon Hai Precision Industry),2317.TW,119852726046.67,8.5837541016579,Taiwan,,
54,Keyence,6861.T,118601971970.87,489.03006211758,Japan,,
55,Sandisk,SNDK,116927813708.12,792.18858041763,United States,SNDK,0001000180
55,Sandisk,SNDK,116927813708.12,792.18858041763,United States,SNDK,0002023554
56,MediaTek,2454.TW,109860438197.59,68.830104013443,Taiwan,,
57,MercadoLibre,MELI,109032843051.84,2150.6687164307,Argentina,MELI,0001099590
58,Automatic Data Processing,ADP,107409119468.28,265.56918168068,United States,ADP,0000008670
59,Seagate Technology,STX,107253092836.17,478.75421819687,Ireland,STX,0001137789
60,Synopsys,SNPS,102682722723.28,536.02857437134,United States,SNPS,0000883241
61,Cadence Design Systems,CDNS,102530796535.66,371.65603675842,United States,CDNS,0000813672
62,SMIC,0981.HK,100208714599.04,10.113929290199,China,,
63,Marvell Technology,MRVL,98028686763.438,112.23162283897,United States,MRVL,0000105805
63,Marvell Technology,MRVL,98028686763.438,112.23162283897,United States,MRVL,0001058057
63,Marvell Technology,MRVL,98028686763.438,112.23162283897,United States,MRVL,0001835632
64,Airbnb,ABNB,98006401739.023,163.47642564774,United States,ABNB,0001559720
65,Nintendo,7974.T,95900376753.587,82.093969274044,Japan,,
66,NetEase,NTES,95738363042.539,148.84419741631,China,,
67,Cloudflare,NET,95574869616.367,271.53472704887,United States,NET,0000890801
67,Cloudflare,NET,95574869616.367,271.53472704887,United States,NET,0001477333
68,DoorDash,DASH,89954869610.039,207.06587195396,United States,DASH,0001792789
69,Robinhood,HOOD,87731254143.398,97.445775413513,United States,HOOD,0001783879
70,Cambricon Technologies,688256.SS,85894523827.846,203.69393064499,China,,
71,Fortinet,FTNT,80347837533.418,108.04549980164,United States,FTNT,0001262039
72,Snowflake,SNOW,77648035665.098,226.90835118294,United States,SNOW,0001587755
72,Snowflake,SNOW,77648035665.098,226.90835118294,United States,SNOW,0001640147
73,Infineon,IFX.DE,77096545779.705,59.207525715351,Germany,,
74,Meituan,3690.HK,76044632178.208,12.452307860136,China,,
75,TE Connectivity,TEL,74342804740.566,253.26684455872,Switzerland,TEL,0001385157
76,Autodesk,ADSK,67818625262.5,319.89916996956,United States,ADSK,0000769397
77,Coinbase,COIN,66703933584.844,247.36530718803,United States,COIN,0001366340
77,Coinbase,COIN,66703933584.844,247.36530718803,United States,COIN,0001679788
78,Monolithic Power Systems,MPWR,65009233509.414,1323.531769371,United States,MPWR,0001280452
79,Sea Limited,SE,64541080203.594,109.01842136383,Singapore,SE,0000092344
79,Sea Limited,SE,64541080203.594,109.01842136383,Singapore,SE,0001373835
80,Electronic Arts,EA,63778219247.852,254.85424289703,United States,EA,0000712515
81,Keysight,KEYS,62192222899.746,362.00363073349,United States,KEYS,0000355199
81,Keysight,KEYS,62192222899.746,362.00363073349,United States,KEYS,0001012393
81,Keysight,KEYS,62192222899.746,362.00363073349,United States,KEYS,0001601046
82,NXP Semiconductors,NXPI,61857234412.754,244.79218568802,Netherlands,NXPI,0001413447
83,NAURA Technology Group,002371.SZ,61676024351.208,85.090055621624,China,,
84,Disco Corp.,6146.T,60629445850.868,559.15466387272,Japan,,
85,ASE Group,ASX,58767098543.867,26.870557355881,Taiwan,,
86,"Strategy 
 (MicroStrategy)",MSTR,58679452853.73,175.81716756821,United States,MSTR,0001050446
87,Nokia,NOK,58172811999.863,10.420501995087,Finland,,
88,Garmin,GRMN,58085344589.922,301.77210507393,Switzerland,GRMN,0001121788
89,Coherent Corp.,COHR,57906435170.391,308.86419119835,United States,COHR,0000021510
89,Coherent Corp.,COHR,57906435170.391,308.86419119835,United States,COHR,0000820318
90,Datadog,DDOG,57601738585.996,162.7851392746,United States,DDOG,0001561550
91,Lumentum,LITE,56312736069.141,788.69374375343,United States,LITE,0001033491
91,Lumentum,LITE,56312736069.141,788.69374375343,United States,LITE,0001633978
92,Baidu,BIDU,54962730264.277,157.66449947357,China,,
93,CoreWeave,CRWV,53742973872.695,102.23357362747,United States,CRWV,0001769628
94,Murata Manufacturing (Murata Seisakusho),6981.T,53369766723.732,29.319247308731,Japan,,
95,PayPal,PYPL,53133706548.75,56.787895393372,United States,PYPL,0001633917
96,JD.com,JD,52771839700.547,35.767669010162,China,,
97,Constellation Software,CSU.TO,52151024720.654,2460.9410835743,Canada,,
98,eBay,EBAY,52076908742.754,115.21439552307,United States,EBAY,0001065088
99,ASM International,ASM.AS,51094019396.889,1040.6535450029,Netherlands,,
100,Take-Two Interactive,TTWO,49591740498.984,267.80946159363,United States,TTWO,0000946581
101,Ericsson,ERIC,49181292297.559,14.619426631927,Sweden,,
102,Panasonic,6752.T,48956521986.314,20.969276017189,Japan,,
103,Roper Technologies,ROP,47783900665.488,443.9338675499,United States,ROP,0000882835
104,Block,XYZ,46596717114.297,76.681581020355,United States,XYZ,0001512673
105,Workday,WDAY,45849413727.363,171.72065572739,United States,WDAY,0001327811
106,NEC Corp,6701.T,45587069249.395,34.195120527267,Japan,,
107,Quanta Computer,2382.TW,44577729393.537,11.565054601812,Taiwan,,
108,Microchip Technology,MCHP,43455577378.945,80.304433679581,United States,MCHP,0000827054
109,Trip.com,TCOM,43450711378.32,66.478706216812,China,TCOM,0001139570
110,Coupang,CPNG,43390604734.824,23.734165477753,United States,CPNG,0001834584
111,AST SpaceMobile,ASTS,42591904216.289,111.48913006783,United States,ASTS,0001780312
112,Adyen,ADYEN.AS,42532724257.538,1348.6741107941,Netherlands,,
113,Kuaishou Technology,1024.HK,42133479168.531,9.6805951470375,China,,
114,Symbotic,SYM,38997652255.713,64.750490283966,United States,SYM,0000724742
114,Symbotic,SYM,38997652255.713,64.750490283966,United States,SYM,0001837240
115,Circle Internet Group,CRCL,38804944473.418,146.16866312027,United States,CRCL,0001439971
115,Circle Internet Group,CRCL,38804944473.418,146.16866312027,United States,CRCL,0001876042
115,Circle Internet Group,CRCL,38804944473.418,146.16866312027,United States,CRCL,0001911467
116,Fiserv,FISV,38606240708.672,71.778568410873,United States,FISV,0000798354
117,STMicroelectronics,STM,38428453405.664,42.552516746521,Switzerland,,
118,Veeva Systems,VEEV,38044555844.502,231.44011740685,United States,VEEV,0001393052
119,Hewlett Packard Enterprise,HPE,36867612917.471,27.625851726532,United States,HPE,0001645590
120,AMEC,688012.SS,36412395387.278,58.153313996315,China,,
121,GigaDevice Semiconductor,603986.SS,36263396080.561,51.723454614162,China,,
122,PT DCI Indonesia Tbk,DCII.JK,36147276035.881,15.164006674767,Indonesia,,
123,Renesas Electronics,6723.T,35771995501.458,19.772454479694,Japan,,
124,Expedia Group,EXPE,35710141858.242,291.42841267586,United States,EXPE,0001095357
124,Expedia Group,EXPE,35710141858.242,291.42841267586,United States,EXPE,0001324424
125,Dassault Systèmes,DSY.PA,35468474361.21,26.94263036108,France,,
126,IQVIA,IQV,35395424878.164,208.57646069527,United States,IQV,0001478242
127,Nebius Group,NBIS,34994394065.879,138.3084810257,Netherlands,,
128,Amadeus IT Group,AMS.MC,33476515160.583,77.894660589218,Spain,,
129,Fair Isaac (FICO),FICO,33211190982.314,1400.0085247993,United States,FICO,0000814547
130,Fidelity National Information Services,FIS,32656018588.809,63.060679149628,United States,FIS,0001136893
131,Reddit,RDDT,32342578409.541,169.3011534214,United States,RDDT,0001713445
132,Unimicron,3037.TW,32009636098.209,20.328940010071,Taiwan,,
133,Zscaler,ZS,31207072519.082,194.08505005836,United States,ZS,0001713683
134,Canon,7751.T,31110379169.201,35.408072080135,Japan,,
135,Wiwynn,6669.TW,30268120211.113,162.87090999126,Taiwan,,
136,United Microelectronics,UMC,30188657390.43,11.969495534897,Taiwan,,
137,ON Semiconductor,ON,29716621246.826,73.852427530289,United States,ON,0001097864
138,GlobalFoundries,GFS,29596531182.91,53.241852331161,United States,,
139,Nanya Technology,2408.TW,29511844752.76,9.5241596011162,Taiwan,,
140,SoFi,SOFI,28895989642.5,22.658831119537,United States,SOFI,0001818874
141,Qnity Electronics,Q,28729208519.785,137.02832107544,United States,Q,0001037949
141,Qnity Electronics,Q,28729208519.785,137.02832107544,United States,Q,0001366541
141,Qnity Electronics,Q,28729208519.785,137.02832107544,United States,Q,0001478242
141,Qnity Electronics,Q,28729208519.785,137.02832107544,United States,Q,0001595262
141,Qnity Electronics,Q,28729208519.785,137.02832107544,United States,Q,0001689084
141,Qnity Electronics,Q,28729208519.785,137.02832107544,United States,Q,0002058873
142,Naver,035420.KS,28598611607.085,191.31478392601,South Korea,,
143,Leidos,LDOS,28448364776.816,222.50460095406,United States,LDOS,0001336920
144,Zoom,ZM,28406503013.896,95.935186672211,United States,ZM,0001585521
145,Lasertec,6920.T,27180407343.21,301.62744699955,Japan,,
146,Eternal (Zomato),ETERNAL.NS,27134080889.327,2.9777928618908,India,,
147,MongoDB,MDB,26861411483.545,333.71209583282,United States,MDB,0001441816
148,Credo Technology,CRDO,26344514274.912,142.8274456501,United States,CRDO,0001807794
149,Astera Labs,ALAB,26126422538.926,153.49117803574,United States,ALAB,0000926966
149,Astera Labs,ALAB,26126422538.926,153.49117803574,United States,ALAB,0001736297
150,DiDi,DIDIY,25972949508.438,5.3638701915741,China,,
151,Pure Storage,PSTG,25783023421.543,78.089756965637,United States,PSTG,0001474432
152,JD Health,6618.HK,25694185188.163,8.0257323793411,China,,
153,Futu Holdings,FUTU,25489167846.084,183.07567448616,Hong Kong,FUTU,0001552845
154,Global Payments,GPN,25207702744.199,90.059252500534,United States,GPN,0001123360
155,HANMI Semiconductor,042700.KS,24860237860.577,262.09226725578,South Korea,,
156,Atlassian,TEAM,24762120235.459,93.886930751801,Australia,TEAM,0000805054
156,Atlassian,TEAM,24762120235.459,93.886930751801,Australia,TEAM,0001650372
157,NetApp,NTAP,24576499090.928,124.08590397835,United States,NTAP,0001002047
158,Twilio,TWLO,24360066933.818,160.67287535667,United States,TWLO,0000101704
158,Twilio,TWLO,24360066933.818,160.67287535667,United States,TWLO,0001447669
159,PTC,PTC,23986522732.822,201.57398576736,United States,PTC,0000708821
159,PTC,PTC,23986522732.822,201.57398576736,United States,PTC,0000857005
160,Supermicro,SMCI,23753227366.65,39.556942462921,United States,SMCI,0001375365
161,Samsara,IOT,23533628114.307,40.785896015167,United States,IOT,0000105744
161,Samsara,IOT,23533628114.307,40.785896015167,United States,IOT,0000949961
161,Samsara,IOT,23533628114.307,40.785896015167,United States,IOT,0001642896
162,CoStar Group,CSGP,23525442955.928,55.507735443115,United States,CSGP,0001057352
163,Konami Holdings,9766.T,22681421962.642,167.32074597836,Japan,,
164,SS&C Technologies,SSNC,22342425393.418,91.557039642334,United States,SSNC,0001011661
164,SS&C Technologies,SSNC,22342425393.418,91.557039642334,United States,SSNC,0001402436
165,HP,HPQ,22269414409.902,24.259031057358,United States,HPQ,0000047217
166,Wolters Kluwer,WKL.AS,22263862336.996,98.713645828247,Netherlands,,
167,iFLYTEK,002230.SZ,22254399864.462,9.6262395555496,China,,
168,Bandai Namco,7832.T,22173246824.273,34.251319549084,Japan,,
169,Check Point Software,CHKP,21409034187.324,199.42331705093,Israel,,
170,Entegris,ENTG,21386304773.306,140.79199132919,United States,ENTG,0001101302
171,Toast,TOST,20810792706.929,35.332414627075,United States,TOST,0001650164
172,MACOM,MTSI,20736139186.025,276.43773965836,United States,MTSI,0000823560
172,MACOM,MTSI,20736139186.025,276.43773965836,United States,MTSI,0001493594
173,F5,FFIV,20559276056.089,361.88841633797,United States,FFIV,0000923139
173,F5,FFIV,20559276056.089,361.88841633797,United States,FFIV,0001048695
174,VeriSilicon Microelectronics,688521.SS,20379356695.33,38.750313678265,China,,
175,BE Semiconductor,BESI.AS,20301961473.783,257.66419398785,Netherlands,,
176,Trimble,TRMB,20150807289.185,84.69538230896,United States,TRMB,0000864749
177,Grab Holdings,GRAB,19684772371.567,4.8005998134613,Singapore,,
178,Akamai,AKAM,19562571784.751,135.01846995354,United States,AKAM,0000108622
178,Akamai,AKAM,19562571784.751,135.01846995354,United States,AKAM,0001086222
179,Nexon,3659.T,19126929217.482,24.19438297987,Japan,,
180,Kakao,035720.KS,19095243310.31,43.410351929188,South Korea,,
181,Tyler Technologies,TYL,19013312788.018,442.32086601257,United States,TYL,0000860731
182,Lenovo,0992.HK,19006604797.244,1.5322106428623,Hong Kong,,
183,Okta,OKTA,17912415540.474,101.06862807274,United States,OKTA,0001660134
184,Roku,ROKU,17891712752.793,121.3591632843,United States,ROKU,0001428439
185,"QXO, Inc.",QXO,17687647473.35,24.963119029999,United States,QXO,0001236275
186,IREN (Iris Energy),IREN,17570037601.562,52.960217142105,Australia,IREN,0001878848
187,Logitech,LOGI,17537198651.763,118.96526417732,Switzerland,LOGI,0001032975
188,ASUS,2357.TW,17507089735.228,23.57030500412,Taiwan,,
189,Figma,FIG,17478421244.429,33.501785898209,United States,FIG,0001380393
189,Figma,FIG,17478421244.429,33.501785898209,United States,FIG,0001579878
190,LG Electronics,066570.KS,17471781182.783,97.029851445675,South Korea,,
191,Kaspi.kz Joint Stock Company,KKS.F,17465005408.82,90.274319372177,Kazakhstan,,
192,HubSpot,HUBS,17394229733.076,329.80760798454,United States,HUBS,0001404655
193,Guidewire Software,GWRE,17156157506.377,201.79161295891,United States,GWRE,0001528396
194,Nova Ltd.,NVMI,17093135457.334,537.80799670219,Israel,NVMI,0001109345
195,Tower Semiconductor,TSEM,17063961738.608,151.75016050339,Israel,,
196,Inspur,000977.SZ,16862121164.652,11.482727515411,China,,
197,San’an Optoelectronics,600703.SS,16818193512.889,3.37104519701,China,,
198,Gen Digital,GEN,16579400100.4,26.883358955383,United States,GEN,0000849399
198,Gen Digital,GEN,16579400100.4,26.883358955383,United States,GEN,0001126294
198,Gen Digital,GEN,16579400100.4,26.883358955383,United States,GEN,0001342287
198,Gen Digital,GEN,16579400100.4,26.883358955383,United States,GEN,0001351051
199,The Trade Desk,TTD,16162392236.494,33.95624268055,United States,TTD,0001671933
200,Ozon,OZON.ME,15801447554.072,72.533862781525,United States,,
201,360 Security Technology,601360.SS,15609133428.642,2.2300130301476,China,,
202,IonQ,IONQ,15546604576.582,42.283683156967,United States,IONQ,0001824920
203,Jack Henry &amp; Associates,JKHY,15412117076.011,212.94180612564,United States,JKHY,0000779152
204,Align Technology,ALGN,15331847728.955,213.68429889679,United States,ALGN,0001097149
205,Lite-On Technology,2301.TW,15168712349.44,6.6829214011192,Taiwan,,
206,Lattice Semiconductor,LSCC,15129372551.548,110.60581970215,United States,LSCC,0000855658
207,Bentley Systems,BSY,14937844564.663,49.209348487854,United States,BSY,0001031308
208,Technoprobe,TPRO.MI,14714696849.755,22.980279283047,Italy,,
209,Dynatrace,DT,14673940062.017,48.671681308746,United States,DT,0001773383
210,WiseTech Global,WTC.AX,14413442797.249,42.885358333588,Australia,,
211,Dayforce,DAY,14312242317.822,89.431974124908,United States,DAY,0001725057
212,Confluent,CFLT,14114979214.36,39.288108873367,United States,CFLT,0001699838
213,SCREEN Holdings,7735.T,14106635332.79,149.20648268223,Japan,,
214,GoDaddy,GDDY,13969981047.568,103.3729159832,United States,GDDY,0001609711
215,Rubrik,RBRK,13840637454.985,69.154240512848,United States,RBRK,0001943896
216,Nutanix,NTNX,13545051512.925,50.092658853531,United States,NTNX,0001618732
217,SenseTime,0020.HK,13484970534.075,0.33358792031765,China,,
218,Nan Ya PCB,8046.TW,13316834059.935,20.609039007187,Taiwan,,
219,Rakuten,4755.T,13312830015.328,6.1490178922653,Japan,,
220,Alibaba Health Information Technology,0241.HK,13262915666.113,0.82252325059891,Hong Kong,,
221,Zebra Technologies,ZBRA,13233297130.21,261.21663784981,United States,ZBRA,0000877212
222,Sage Group,SGE.L,13209649180.945,14.222064983368,United Kingdom,,
223,Chewy,CHWY,13069107624.746,31.491934776306,United States,CHWY,0001766502
224,Amkor Technology,AMKR,13065881539.741,52.832201147079,United States,AMKR,0001047127
224,Amkor Technology,AMKR,13065881539.741,52.832201147079,United States,AMKR,0001361566
225,NextVision Stabilized Systems,NXSN.TA,12996311778.511,142.3307435894,Israel,,
226,Bilibili,BILI,12991280454.189,31.875982761383,China,,
227,Zillow,Z,12788130171.631,52.806597948074,United States,Z,0001293282
227,Zillow,Z,12788130171.631,52.806597948074,United States,Z,0001334814
227,Zillow,Z,12788130171.631,52.806597948074,United States,Z,0001617640
228,Instacart (Maplebear Inc.),CART,12673734586.895,48.274831724167,United States,CART,0001579091
228,Instacart (Maplebear Inc.),CART,12673734586.895,48.274831724167,United States,CART,0001676667
229,Xero,XRO.AX,12606244503.111,72.599534986973,New Zealand,,
230,Pro Medicus,PME.AX,12526190120.514,119.90234126091,Australia,,
231,Shenzhen Transsion Holdings,688036.SS,12405807437.636,10.776552882051,China,,
232,Wayfair,W,12342466388.096,94.398994731903,United States,W,0001616707
233,China Resources Microelectronics,688396.SS,12285714673.863,9.2545707171917,China,,
234,Global Unichip Corp.,3443.TW,12253965050.57,91.440033022881,Taiwan,,
235,Bitmine Immersion Technologies,BMNR,11966196859.702,26.307286977768,United States,BMNR,0001829311
236,InterDigital,IDCC,11942021540.864,463.86595797539,United States,IDCC,0000354913
236,InterDigital,IDCC,11942021540.864,463.86595797539,United States,IDCC,0001405495
237,DocuSign,DOCU,11916595638.892,59.501834487915,United States,DOCU,0001261333
238,National Silicon Industry Group,688126.SS,11878400832.702,3.5940490603447,China,,
239,Advantech,2395.TW,11867062635.244,13.70603250742,Taiwan,,
240,Onto Innovation,ONTO,11744902634.619,236.30472521782,United States,ONTO,0000704532
240,Onto Innovation,ONTO,11744902634.619,236.30472521782,United States,ONTO,0001094392
241,Nemetschek,NEM.F,11538344285.918,99.978059811115,Germany,,
242,Procore,PCOR,11350468189.561,73.00752196312,United States,PCOR,0001611052
243,Tempus AI,TEM,11335382538.916,63.406322336197,United States,TEM,0001717115
244,Hwatsing Technology,688120.SS,11273095149.345,31.876238793373,China,,
245,SailPoint,SAIL,11129666856.782,19.816876029968,United States,SAIL,0000090185
245,SailPoint,SAIL,11129666856.782,19.816876029968,United States,SAIL,0001161165
245,SailPoint,SAIL,11129666856.782,19.816876029968,United States,SAIL,0001627857
245,SailPoint,SAIL,11129666856.782,19.816876029968,United States,SAIL,0002030781
246,Powerchip Semiconductor Manufacturing,6770.TW,10910256799.278,2.576910773468,Taiwan,,
247,SiTime,SITM,10870756165.93,413.33804473877,United States,SITM,0001451809
248,Manhattan Associates,MANH,10821997843.396,179.59363942146,United States,MANH,0001056696
249,Unity Software,U,10769921018.55,24.873507833481,United States,U,0001810806
250,Skyworks Solutions,SWKS,10626126243.076,70.66482925415,United States,SWKS,0000004127
251,Aurora Innovation,AUR,10602868542.891,5.4406797885895,United States,AUR,0001828108
252,Chime Financial,CHYM,10515438493.137,27.677058124542,United States,CHYM,0001795586
253,Alchip Technologies,3661.TW,10342038039.687,127.65588603163,Taiwan,,
254,Rohm,6963.T,10232960942.191,26.507888041973,Japan,,
255,Allegro.eu,ALE.WA,10181612096.943,9.6663853715897,Poland,,
256,Snap,SNAP,10053898596.033,5.952743768692,United States,SNAP,0001564408
257,Kokusai Electric,6525.T,9998273357.2681,42.830183439732,Japan,,
258,Vipshop,VIPS,9908566153.8745,20.098511219025,China,,
259,Semtech,SMTC,9881255856.4551,106.77814145088,United States,SMTC,0000088941
260,Applied Digital,APLD,9835492247.937,35.178795433044,United States,APLD,0001144879
261,FactSet,FDS,9753153670.8203,260.64056587219,United States,FDS,0001013237
262,Realtek,2379.TW,9695866657.7044,18.808238005161,Taiwan,,
263,EPAM Systems,EPAM,9604399821.9727,173.85852284431,United States,EPAM,0001352010
264,Oracle Corp Japan,4716.T,9599287090.9998,74.904719009399,Japan,,
265,Empyrean Technology,301269.SZ,9494510131.4276,17.407102939606,China,,
266,Sangfor Technologies,300454.SZ,9481066183.5065,22.307555229187,China,,
267,Novatek Microelectronics,3034.TW,9448238700.0994,15.526804004669,Taiwan,,
268,Krafton,259960.KS,9363305380.8613,209.7593284893,South Korea,,
269,Nykaa,NYKAA.NS,9360308048.9181,3.2693364889622,India,,
270,Qorvo,QRVO,9348273448.2886,100.83819928169,United States,QRVO,0001604778
271,PB Fintech,POLICYBZR.NS,9275311370.7235,20.024645989895,India,,
272,Amdocs,DOX,9247853195.6274,85.668303871155,United States,,
273,Pegasystems,PEGA,9234073185.2368,54.406797885895,United States,PEGA,0001013857
274,NICE,NICE,9215806675.0781,151.51973171234,Israel,,
275,Match Group,MTCH,9096448739.7583,38.532814502716,United States,MTCH,0000891103
275,Match Group,MTCH,9096448739.7583,38.532814502716,United States,MTCH,0001036668
275,Match Group,MTCH,9096448739.7583,38.532814502716,United States,MTCH,0001095099
275,Match Group,MTCH,9096448739.7583,38.532814502716,United States,MTCH,0001575189
276,ServiceTitan,TTAN,9069124022.6172,96.844100236893,United States,TTAN,0001638826
277,"M3, Inc",2413.T,9053203756.3312,13.370374568462,Japan,,
278,Paycom,PAYC,8899944638.0103,162.09385290146,United States,PAYC,0001590955
279,Clearwater Analytics,CWAN,8856910944.9829,29.635702848434,United States,CWAN,0001866368
280,Sanmina,SANM,8832242733.8403,161.74820971489,United States,SANM,0000897723
280,Sanmina,SANM,8832242733.8403,161.74820971489,United States,SANM,0001350970
281,Silan Microelectronics,600460.SS,8831962249.5151,5.3074407409668,China,,
282,FormFactor,FORM,8817672915.9668,113.16613960266,United States,FORM,0001039399
283,Vanguard International Semiconductor,5347.TWO,8779115747.7012,4.561990800333,Taiwan,,
284,Paytm,PAYTM.NS,8661756097.2581,13.53308289814,India,,
285,Cirrus Logic,CRUS,8661714449.8145,169.73640780449,United States,CRUS,0000772406
286,Silicon Labs,SLAB,8525103317.5049,258.6819211483,United States,SLAB,0001038074
287,CD Projekt,CDR.WA,8521723175.4913,85.293601053715,Poland,,
288,Temenos,TEMN.SW,8474817743.6675,122.85170177031,Switzerland,,
289,Lumen Technologies,LUMN,8455642862.7319,8.2442300796509,United States,LUMN,0000018926
289,Lumen Technologies,LUMN,8455642862.7319,8.2442300796509,United States,LUMN,0001099561
290,D-Wave Quantum,QBTS,8443372990.4663,22.825251913071,Canada,QBTS,0001907982
291,Genpact,G,8420393853.0859,48.83810210228,Bermuda,G,0000041499
291,Genpact,G,8420393853.0859,48.83810210228,Bermuda,G,0001046203
291,Genpact,G,8420393853.0859,48.83810210228,Bermuda,G,0001398659
292,UBTECH Robotics,9880.HK,8412894096.1849,16.712104102612,China,,
293,CAR Group (Carsales),CAR.AX,8409743490.6908,22.22255260849,Australia,,
294,Zalando,ZAL.DE,8399549213.4415,32.375245141983,Germany,,
295,Yonyou,600588.SS,8388308952.0612,2.4548731254101,China,,
296,SG Micro,300661.SZ,8353367782.4784,13.515800738811,China,,
297,Dropbox,DBX,8306426271.9067,33.168944311142,United States,DBX,0001467623
298,GlobalWafers,6488.TWO,8274986964.506,17.307506495476,Taiwan,,
299,Mobileye,MBLY,8175211392.7148,9.7164140224457,Israel,MBLY,0001910139
300,ZOZO,3092.T,8133505956.5272,9.1974115754128,Japan,,
301,TeraWulf,WULF,7963976889.8291,18.779946470261,United States,WULF,0001083301
302,Descartes Systems Group,DSGX,7923334904.2749,92.145913219452,Canada,,
303,Technology One,TNE.AX,7803228007.5357,23.836194225788,Australia,,
304,DigitalOcean,DOCN,7798711148.7744,84.772191905975,United States,DOCN,0001582961
305,Topicus,TOI.V,7790248025.425,93.476767503738,Canada,,
306,UiPath,PATH,7783505552.2632,14.555418634415,United States,PATH,0001375200
306,UiPath,PATH,7783505552.2632,14.555418634415,United States,PATH,0001734722
307,CLEAR Secure,YOU,7725297723.9355,57.363967370987,United States,YOU,0001856314
308,Paylocity,PCTY,7694088202.6855,141.48327770233,United States,PCTY,0001005972
308,Paylocity,PCTY,7694088202.6855,141.48327770233,United States,PCTY,0001591698
309,Compass,COMP,7687363368.8477,10.356493997574,United States,COMP,0001563190
310,NEXTDC,NXT.AX,7630642304.2045,11.891060134745,Australia,,
311,OpenText,OTEX,7605055597.5,29.891734838486,Canada,,
312,Monotaro,3064.T,7561868675.7274,15.217901408672,Japan,,
313,Delivery Hero,DHER.F,7527734712.2814,25.082685969353,Germany,,
314,Klaviyo,KVYO,7518376028.7158,24.66868224144,United States,KVYO,0001835830
315,Global-e,GLBE,7502558249.4751,44.203923082352,Israel,,
316,OneStream,OS,7427246009.4678,30.21177482605,United States,OS,0000830260
316,OneStream,OS,7427246009.4678,30.21177482605,United States,OS,0001889956
317,eMemory Technology,3529.TWO,7412192507.4801,99.243376015663,Taiwan,,
318,"ASMPT
 (ASM Pacific Technology)",0522.HK,7391548066.9296,17.693218688488,Hong Kong,,
319,Allegro MicroSystems,ALGM,7391212435.874,39.889784049988,United States,ALGM,0000866291
319,Allegro MicroSystems,ALGM,7391212435.874,39.889784049988,United States,ALGM,0001097149
320,Enphase Energy,ENPH,7149449415.8667,54.53481388092,United States,ENPH,0001463101
321,Cipher Mining,CIFR,7110247436.1548,17.550992918015,United States,CIFR,0001819989
322,Klarna,KLAR,7060682264.6484,18.715938472748,Sweden,KLAR,0002003292
323,Riot Platforms,RIOT,7037455370.2319,18.562319278717,United States,RIOT,0001167419
324,United Internet,UTDI.F,7001118353.9244,39.873654034615,Germany,,
325,Elastic NV,ESTC,6974021703.6792,66.184269428253,United States,ESTC,0001707753
326,Hims &amp; Hers Health,HIMS,6956466347.9761,30.519013214111,United States,HIMS,0001773751
327,Perfect World Entertainment,002624.SZ,6939886173.3175,3.5773173697948,China,,
328,Hut 8,HUT,6890420745.4736,62.138963985443,Canada,HUT,0001964789
329,Galaxycore,688728.SS,6881898780.8523,2.6462826411724,China,,
330,Rigetti Computing,RGTI,6833057781.748,20.57217040062,United States,RGTI,0001838359
331,Pony AI,PONY,6820981264.8413,15.733165788651,China,,
332,Kakao Pay,377300.KS,6751815280.1411,49.930462587833,South Korea,,
333,Lyft,LYFT,6620509117.8638,16.57807135582,United States,LYFT,0001759509
334,Etsy,ETSY,6569429220.1392,66.555515813828,United States,ETSY,0001370637
335,Core Scientific,CORZ,6555701645.1001,20.789797592163,United States,CORZ,0001839341
336,Wix.com,WIX,6487957137.207,111.25870127678,Israel,,
337,JFrog,FROG,6415208985.8911,53.625900316238,United States,FROG,0001800667
338,Sensata Technologies,ST,6398250082.312,43.883883094788,United States,ST,0000093444
338,Sensata Technologies,ST,6398250082.312,43.883883094788,United States,ST,0000714603
338,Sensata Technologies,ST,6398250082.312,43.883883094788,United States,ST,0001477294
339,Fermi Inc.,FRMI,6367011066.1768,10.369295597076,United States,FRMI,0002071778
340,SmartSens Technology,688213.SS,6336876966.3358,15.751344059944,China,,
341,Entain,ENT.L,6187023517.6981,9.6732086241245,Isle of Man,,
342,Waystar,WAY,6038878501.4014,31.504736375809,United States,WAY,0001990354
343,SentinelOne,S,5995494146.9604,17.640604114532,United States,S,0000101830
343,SentinelOne,S,5995494146.9604,17.640604114532,United States,S,0000319256
343,SentinelOne,S,5995494146.9604,17.640604114532,United States,S,0001028954
343,SentinelOne,S,5995494146.9604,17.640604114532,United States,S,0001043337
343,SentinelOne,S,5995494146.9604,17.640604114532,United States,S,0001583708
344,Sectra AB,SECT-B.ST,5986476546.6516,31.071530248642,Sweden,,
345,Ondas Holdings,ONDS,5952040971.1206,13.224052286148,United States,ONDS,0001646188
346,Lumine Group,LMN.V,5885720382.5799,22.935473684788,Canada,,
347,Doximity,DOCS,5851901247.5903,31.082283592224,United States,DOCS,0001516513
348,Presight AI,PRESIGHT.AE,5747916319.1389,1.0241279602051,United Arab Emirates,,
349,CyberAgent,4751.T,5738233851.1179,11.322054640055,Japan,,
350,Zeta Global,ZETA,5682361369.9414,23.106887102127,United States,ZETA,0001851003
351,Trend Micro,4704.T,5648502345.1678,43.223832624435,Japan,,
352,Bestechnic,688608.SS,5589241429.1016,33.13245975256,China,,
353,MakeMyTrip,MMYT,5545730574.375,58.285682535172,India,,
354,Kingsoft,3888.HK,5427638975.8383,3.9539916335583,China,,
355,Hisense Visual Technology,600060.SS,5412805799.6193,4.1478334532261,China,,
356,ACI Worldwide,ACIW,5335512334.1467,51.756866788864,United States,ACIW,0000935036
357,Aixtron,AIXA.F,5331277941.3983,47.26901005125,Germany,,
358,WIN Semiconductors,3105.TWO,5310056461.0693,12.525481802893,Taiwan,,
359,Silicon Motion,SIMO,5225329929.9084,153.76001162529,Hong Kong,,
360,TOTVS,TOTS3.SA,5193574237.3768,8.8378914549828,Brazil,,
361,Lemonade,LMND,5171743950.1001,67.707659769058,United States,LMND,0001170848
361,Lemonade,LMND,5171743950.1001,67.707659769058,United States,LMND,0001691421
362,Nikon,NINOY,5136710908.5583,15.605149793625,Japan,,
363,GitLab,GTLB,4968239073.4766,29.21325006485,United States,GTLB,0001653482
364,Hesai Group,HSAI,4896408868.5339,31.15909318924,China,,
365,monday.com,MNDY,4855847502.3328,94.194169139862,Israel,,
366,Asseco,ACP.WA,4837365202.0121,60.083795201302,Poland,,
367,Netskope,NTSK,4807797057.0447,12.225527524948,United States,NTSK,0002063196
368,CCC Intelligent Solutions,CCC,4757727523.0005,7.4249277114868,United States,CCC,0000812701
368,CCC Intelligent Solutions,CCC,4757727523.0005,7.4249277114868,United States,CCC,0001744895
368,CCC Intelligent Solutions,CCC,4757727523.0005,7.4249277114868,United States,CCC,0001764046
368,CCC Intelligent Solutions,CCC,4757727523.0005,7.4249277114868,United States,CCC,0001818201
369,Fastly,FSLY,4706630911.5076,31.005473995209,United States,FSLY,0001517413
370,Espressif Systems (Shanghai),688018.SS,4690518671.1552,28.062898333549,China,,
371,Vend Marketplaces,VENDA.OL,4657273159.1973,45.630789362907,Norway,,
372,Cellebrite,CLBT,4639761418.5437,18.600724077225,Israel,,
373,IONOS Group,IOS.DE,4622440530.5363,33.375050063133,Germany,,
374,Sega Sammy Holdings,6460.T,4568984200.207,21.728410867691,Japan,,
375,Mercari,4385.T,4568196661.1676,27.704709579468,Japan,,
376,Commvault,CVLT,4563807173.2007,103.50093197823,United States,CVLT,0001169561
377,"Box, Inc.",BOX,4528857045.0586,31.619950771332,United States,BOX,0001372612
377,"Box, Inc.",BOX,4528857045.0586,31.619950771332,United States,BOX,0001487999
377,"Box, Inc.",BOX,4528857045.0586,31.619950771332,United States,BOX,0001816937
378,nLIGHT,LASR,4483147182.7759,80.355640077591,United States,LASR,0001124796
379,Workiva,WK,4464395973.3362,78.550614547729,United States,WK,0001262823
379,Workiva,WK,4464395973.3362,78.550614547729,United States,WK,0001445305
380,Qualys,QLYS,4452264727.0312,124.16271357536,United States,QLYS,0001107843
381,VisEra Technologies,6789.TW,4403402839.5571,13.826111510754,Taiwan,,
382,Sumco Corporation,3436.T,4401902547.1423,12.587211115694,Japan,,
383,dLocal,DLO,4357796542.2144,14.785847425461,Uruguay,,
384,Silergy,6415.TW,4345787549.9045,11.204907203007,China,,
385,GoTo,GOTO.JK,4319425778.0391,0.0040810347070217,Indonesia,,
386,MARA Holdings,MARA,4264027713.8989,11.214201164246,United States,MARA,0001507605
387,Kulicke and Soffa Industries,KLIC,4246757147.699,81.14933924675,Singapore,KLIC,0000056978
388,Life360,LIF,4230909218.1311,52.755391550064,United States,LIF,0001581760
389,Calix,CALX,4222709967.7515,63.713560724258,United States,CALX,0001406666
390,NCR Atleos Corporation,NATL,4192129998.4412,56.723887395859,United States,NATL,0001301106
390,NCR Atleos Corporation,NATL,4192129998.4412,56.723887395859,United States,NATL,0001974138
391,Remitly,RELY,4187995143.2495,19.880884027481,United States,RELY,0000038984
391,Remitly,RELY,4187995143.2495,19.880884027481,United States,RELY,0001782170
392,RingCentral,RNG,4171913876.3672,48.722887706757,United States,RNG,0001384905
393,Jubilant FoodWorks,JUBLFOOD.NS,4156435214.0576,6.3198424360275,India,,
394,SoundHound AI,SOUN,4043285370.8911,9.5627948284149,United States,SOUN,0001840856
395,JOYY,JOYY,4025383941.8677,78.371392154694,China,,
396,Rorze Corporation,6323.T,3984304098.0851,22.97349443531,Japan,,
397,Q2,QTWO,3894519396.3684,62.407797574997,United States,QTWO,0001410384
398,Softcat,SCT.L,3862897675.1359,19.680154947281,United Kingdom,,
399,Nordic Semiconductor,NOD.OL,3827252998.7731,19.345521136284,Norway,,
400,ACM Research,ACMR,3809100570.0684,57.952840948105,United States,ACMR,0001042809
400,ACM Research,ACMR,3809100570.0684,57.952840948105,United States,ACMR,0001680062
401,NCsoft,036570.KS,3801743316.7325,196.03345350266,South Korea,,
402,Synaptics,SYNA,3711570160.7202,95.192693901062,United States,SYNA,0000817720
403,Dave Inc.,DAVE,3694747261.3342,272.48204541206,United States,DAVE,0001021270
403,Dave Inc.,DAVE,3694747261.3342,272.48204541206,United States,DAVE,0001841408
404,Tata Elxsi,TATAELXSI.NS,3671218651.1397,58.931267198086,India,,
405,Varonis Systems,VRNS,3649425092.9321,30.954267597198,United States,VRNS,0001361113
406,Sopra Steria Group,SOP.PA,3641310938.6249,187.60616055012,France,,
407,Webull,BULL,3544832297.1704,6.7720461368561,United States,BULL,0000319697
408,Impinj,PI,3534985265.8679,116.92980985641,United States,PI,0001114995
409,Kinaxis,KXS.TO,3524628788.5124,127.46744648695,Canada,,
410,Metaplanet Inc.,3350.T,3495883494.5166,2.996188760376,Japan,,
411,Rasan Information Technology Company,8313.SR,3493095307.4251,45.06815906477,Saudi Arabia,,
412,Elmos Semiconductor,ELG.DE,3478091830.2478,202.89639099598,Germany,,
413,Pearl Abyss,263750.KQ,3467165065.9575,56.450701262474,South Korea,,
414,Diebold Nixdorf,DBD,3360569883.6865,93.694906759262,United States,DBD,0000028823
415,Axcelis Technologies,ACLS,3349703312.5171,109.04402456284,United States,ACLS,0001113232
416,Power Integrations,POWI,3293352678.7976,59.335413694382,United States,POWI,0000833640
417,Acer,2353.TW,3290230641.353,1.0944791502714,Taiwan,,
418,UCT (Ultra Clean Holdings),UCTT,3264627610.0488,71.765766811371,United States,UCTT,0001275014
419,Upstart,UPST,3233758918.584,32.976920318604,United States,UPST,0000890846
419,Upstart,UPST,3233758918.584,32.976920318604,United States,UPST,0001271075
419,Upstart,UPST,3233758918.584,32.976920318604,United States,UPST,0001647639
420,TietoEVRY,TIETO.HE,3229874923.5362,27.4645515728,Finland,,
421,eToro,ETOR,3212491795.4321,38.379195308685,Israel,,
422,Exail Technologies,EXA.PA,3194049570.5187,188.19375396729,France,,
423,Teradata,TDC,3192760044.9182,34.25708026886,United States,TDC,0000816761
424,Melexis NV,MELE.BR,3163489884.0626,79.247277592659,Belgium,,
425,Comet Holding,COTN.SW,3150637096.0843,405.28071801186,Switzerland,,
426,CleanSpark,CLSK,3126714442.4158,12.225527524948,United States,CLSK,0000827876
427,LifeStance Health Group,LFST,3101850254.1467,8.1034124851227,United States,LFST,0001440048
427,LifeStance Health Group,LFST,3101850254.1467,8.1034124851227,United States,LFST,0001845257
428,Tenable,TENB,3099901297.6733,25.974445390701,United States,TENB,0001660280
429,Weibo,WB,3061763755.5981,12.417551517487,China,WB,0000036995
430,Soitec,SOI.PA,3022955110.1516,84.716632964134,France,,
431,WeRide,WRD,2989745111.1108,8.7306908607483,China,WRD,0001681714
432,Vishay Intertechnology,VSH,2981327598.5803,21.954743146896,United States,VSH,0000103730
433,Navitas Semiconductor,NVTS,2948607283.7634,12.775996303558,Ireland,NVTS,0001821769
434,SPS Commerce,SPSC,2930453509.6106,77.712109780312,United States,SPSC,0001092699
434,SPS Commerce,SPSC,2930453509.6106,77.712109780312,United States,SPSC,0001229195
435,NextNav,NN,2923891553.0835,21.685909557343,United States,NN,0000918541
435,NextNav,NN,2923891553.0835,21.685909557343,United States,NN,0001865631
436,Braze,BRZE,2916990405.376,23.785371875763,United States,BRZE,0001676238
437,CSG International,CSGS,2913197690.8533,102.14396243095,United States,CSGS,0001005757
438,Freshworks,FRSH,2891721154.0161,10.177271604538,United States,FRSH,0001135431
438,Freshworks,FRSH,2891721154.0161,10.177271604538,United States,FRSH,0001544522
438,Freshworks,FRSH,2891721154.0161,10.177271604538,United States,FRSH,0001592379
439,AvePoint,AVPT,2889520835.5762,13.390473079681,United States,AVPT,0001777921
440,Ambarella,AMBA,2888945357.5928,67.105984592438,United States,AMBA,0001280263
441,Grindr,GRND,2884517519.8743,15.57954659462,United States,GRND,0000040518
441,Grindr,GRND,2884517519.8743,15.57954659462,United States,GRND,0001820144
442,AT&amp;S Austria Technologie &amp; Systemtechnik,ATS.VI,2861702063.7451,73.660275521755,Austria,,
443,Ocado,OCDO.L,2858505464.6644,3.4389064759731,United Kingdom,,
444,Autohome,ATHM,2851704132.3083,24.002999067307,China,,
445,Navan,NAVN,2826541062.5354,11.367820358276,United States,NAVN,0001639723
446,Vertex,VERX,2813545288.3716,17.589397716522,United States,VERX,0001806837
447,VusionGroup,VU.PA,2803573844.7243,167.46284373283,France,,
448,EverCommerce,EVCM,2796393029.4336,15.425927400589,United States,EVCM,0001853145
449,NETSCOUT,NTCT,2779155235.3284,38.481608104706,United States,NTCT,0001078075
450,Blackbaud,BLKB,2734772970.603,57.171943378448,United States,BLKB,0001280058
451,BlackLine,BL,2708990835.9607,45.496884632111,United States,BL,0000071525
451,BlackLine,BL,2708990835.9607,45.496884632111,United States,BL,0001666134
452,Lufax,LU,2707623911.8896,2.8547566890717,China,LU,0001006240
453,Sino-American Silicon Products,5483.TWO,2617516219.4168,4.2618701015949,Taiwan,,
454,iFAST Corporation,AIY.SI,2593465600.0,8.54,Singapore,,
455,Intapp,INTA,2585267329.9023,31.555942773819,United States,INTA,0001565687
456,BlackBerry,BB,2583752603.6841,4.3781470298767,Canada,BB,0001070235
457,ePlus,PLUS,2578726019.7949,97.535386610031,United States,PLUS,0001022408
458,Globant,GLOB,2550781746.203,57.901634550095,Luxembourg,GLOB,0001009463
458,Globant,GLOB,2550781746.203,57.901634550095,Luxembourg,GLOB,0001398005
459,Agilysys,AGYS,2517014526.8201,89.547188520432,United States,AGYS,0000078749
460,Photronics,PLAB,2497470396.5485,42.283683156967,United States,PLAB,0000810136
461,KPIT Technologies,KPITTECH.NS,2479851893.1153,9.103729470253,India,,
462,Socionext,6526.T,2476110899.6149,14.129509418964,Japan,,
463,SoftwareONE,SWON.SW,2475091508.2465,11.529530163193,Switzerland,,
464,Red Cat Holdings,RCAT,2469476637.0935,20.687384796143,United States,RCAT,0000748268
465,BigBear.ai,BBAI,2455997310.672,5.1590445995331,United States,BBAI,0001836981
466,Qifu Technology,QFIN,2455718584.0063,17.781421709061,China,,
467,Alkami Technology,ALKT,2455470826.9702,23.132490301132,United States,ALKT,0001529274
468,Veeco,VECO,2432219517.3431,40.273832035065,United States,VECO,0000103145
469,Appian,APPN,2381209588.0408,32.196022748947,United States,APPN,0001441683
470,Digi International,DGII,2375637184.9139,63.163091945648,United States,DGII,0000854775
471,Rumble,RUM,2368225611.8311,6.9768717288971,United States,RUM,0000098544
471,Rumble,RUM,2368225611.8311,6.9768717288971,United States,RUM,0001830081
472,PEXA Group,PXA.AX,2353775460.7493,13.378567592144,Australia,,
473,Siltronic,WAF.F,2346543328.9669,78.218157008648,Germany,,
474,ZoomInfo,GTM,2344955949.8309,7.6809597015381,United States,GTM,0000895040
474,ZoomInfo,GTM,2344955949.8309,7.6809597015381,United States,GTM,0001794515
475,LiveRamp,RAMP,2326273889.5111,36.548566579819,United States,RAMP,0000733269
476,SUNeVision,1686.HK,2324007461.051,0.98441099774837,Hong Kong,,
477,SPACE42,SPACE42.AE,2323866936.6131,0.48646078109741,United Arab Emirates,,
478,Bitdeer Technologies Group,BTDR,2313482449.3579,9.3963740348816,Singapore,,
479,Semrush,SEMR,2311143341.0968,15.259506607056,United States,SEMR,0001831840
480,DeNA,2432.T,2271544300.5739,20.370929256439,Japan,,
481,Himax,HIMX,2268280718.4039,12.968020296097,Taiwan,,
482,nCino,NCNO,2256537985.282,19.484034442902,United States,NCNO,0001566895
482,nCino,NCNO,2256537985.282,19.484034442902,United States,NCNO,0001902733
483,Marqeta,MQ,2247955792.9755,5.1078382015228,United States,MQ,0001522540
484,Cimpress,CMPR,2208341376.4514,89.508783721924,Ireland,CMPR,0001262976
485,Embracer Group,EMBRAC-B.ST,2186643876.3259,6.7307993832588,Sweden,,
486,DoubleVerify,DV,2148358447.6129,13.262457084656,United States,DV,0000730464
486,DoubleVerify,DV,2148358447.6129,13.262457084656,United States,DV,0001819928
487,Quantum Computing,QUBT,2137152685.2631,9.5179892301559,United States,QUBT,0001429764
487,Quantum Computing,QUBT,2137152685.2631,9.5179892301559,United States,QUBT,0001758009
488,KFin Technologies,KFINTECH.NS,2128440131.7085,12.337067861414,India,,
489,Clarivate,CLVT,2124309137.4792,3.3156142711639,United Kingdom,CLVT,0001764046
490,Revolve,RVLV,2088527253.573,29.238853263855,United States,RVLV,0001746618
491,LendingClub,LC,2085648552.7722,18.088660097122,United States,LC,0000059229
491,LendingClub,LC,2085648552.7722,18.088660097122,United States,LC,0001409970
492,ANI Pharmaceuticals,ANIP,2084090895.1099,92.798794794083,United States,ANIP,0001023024
493,Asana,ASAN,2079152632.016,8.769095659256,United States,ASAN,0001477720
494,Omnicell,OMCL,2041600071.8317,44.933614253998,United States,OMCL,0000926326
495,Kontron AG,KTN.F,2028354782.9721,32.963350623131,Austria,,
496,Payoneer,PAYO,2021411642.1777,5.6711085796356,United States,PAYO,0001845815
497,OVH Groupe,OVH.PA,2018988746.1677,13.423501206398,France,,
498,Atoss,AOF.F,1983681866.8912,123.64936943531,Germany,,
499,GigaCloud Technology,GCT,1965853765.4297,53.049828338623,China,GCT,0001293200
499,GigaCloud Technology,GCT,1965853765.4297,53.049828338623,China,GCT,0001857816
500,Progress Software,PRGS,1960399997.2858,45.688908624649,United States,PRGS,0000876167
501,Formosa Sumco Technology,3532.TW,1955610789.6157,5.0422044008732,Taiwan,,
502,Flywire,FLYW,1952711663.8629,15.989197778702,United States,FLYW,0001580560
503,A10 Networks,ATEN,1933758086.7383,26.960168552399,United States,ATEN,0001580808
504,One Software Technologies,ONE.TA,1928564207.7063,26.186439878464,Israel,,
505,Tuya Inc.,TUYA,1922043046.0364,3.1491934776306,China,,
506,Yelp,YELP,1893205896.7236,30.787846803665,United States,YELP,0001345016
507,Sprinklr,CXM,1856890646.9757,7.5273405075073,United States,CXM,0000772320
507,Sprinklr,CXM,1856890646.9757,7.5273405075073,United States,CXM,0001569345
508,Zip Co,ZIP.AX,1855788002.9653,1.46047047925,Australia,,
509,momo.com Inc.,8454.TW,1850336862.9897,6.9830549014568,Taiwan,,
510,Arlo Technologies,ARLO,1848060206.0516,17.294960927963,United States,ARLO,0001736946
511,Ichor Systems,ICHR,1846745881.1926,53.305860328674,United States,ICHR,0001652535
512,MaxLinear,MXL,1845544783.9209,21.12263917923,United States,MXL,0001288469
513,secunet,YSN.F,1844094837.6366,283.17266115665,Germany,,
514,Karooooo,KARO,1843744776.618,59.681056880951,Singapore,,
515,Ouster,OUST,1813804846.3177,28.880408477783,United States,OUST,0001816581
516,Phoenix Group,PHX.AE,1809091972.0252,0.29443678855896,United Arab Emirates,,
517,Playtech,PTEC.L,1780133832.2352,6.2989886304379,Isle of Man,,
518,IndiaMART,INDIAMART.NS,1747154361.838,29.085362085819,India,,
519,Terveystalo,TTALO.HE,1746712184.3499,13.791035128117,Finland,,
520,Bitfarms,BITF,1712924637.3071,2.8419550895691,Canada,,
521,SkyWater Technology,SKYT,1703123323.0768,35.025176239014,United States,SKYT,0000756502
521,SkyWater Technology,SKYT,1703123323.0768,35.025176239014,United States,SKYT,0001819974
522,Paradox Interactive,PDX.ST,1701390712.3548,16.108124638081,Sweden,,
523,ChipMOS Technologies,IMOS,1698894739.6942,48.748490905762,Taiwan,,
524,u-blox,UBXN.SW,1696279582.8621,219.70361098289,Switzerland,,
525,Protolabs,PRLB,1680980693.4143,70.703234052658,United States,PRLB,0001443669
526,UP Fintech (Tiger Brokers),TIGR,1673556339.2145,9.4091756343842,China,TIGR,0000820738
526,UP Fintech (Tiger Brokers),TIGR,1673556339.2145,9.4091756343842,China,TIGR,0001065581
527,Opera,OPRA,1659485312.6227,18.511112880707,Norway,,
528,Cohu,COHU,1649474748.5675,35.178795433044,United States,COHU,0000021535
529,Donnelley Financial Solutions,DFIN,1647288358.2678,62.07495598793,United States,DFIN,0001669811
530,Planisware,PLNW.PA,1643012423.0489,23.553662924767,France,,
531,Koh Young Technology,098460.KQ,1641881499.025,24.879524585247,South Korea,,
532,SÜSS MicroTec,SMHN.DE,1638516470.5797,85.716437885284,Germany,,
533,PDF Solutions,PDFS,1632595481.1786,40.926713609695,United States,PDFS,0001120914
534,Genius Sports,GENI,1630160186.8195,6.6184269428253,United Kingdom,,
535,Five9,FIVN,1627097142.9858,20.802599191666,United States,FIVN,0001288847
536,C3 AI,AI,1598256061.0217,11.355018758774,United States,AI,0001209028
536,C3 AI,AI,1598256061.0217,11.355018758774,United States,AI,0001577526
537,iQIYI,IQ,1590236237.8607,1.6514063358307,China,,
538,BitGo,BTGO,1583427835.1813,13.697711467743,United States,BTGO,0001740604
539,Lightspeed POS,LSPD,1566085498.0939,11.406225156784,Canada,,
540,TOWA Corporation,6315.T,1551861720.2565,20.684184396267,Japan,,
541,Hemnet Group AB,HEM.ST,1544145754.5811,16.598809947014,Sweden,,
542,Kainos Group,KNOS.L,1526254906.0797,12.989526983261,United Kingdom,,
543,The RealReal,REAL,1518600863.0212,12.763194704056,United States,REAL,0000034285
543,The RealReal,REAL,1518600863.0212,12.763194704056,United States,REAL,0001573221
544,Youdao,DAO,1486287905.3418,12.430353116989,China,,
545,Aehr Test Systems,AEHR,1476177386.3977,48.198022127151,United States,AEHR,0000104047
545,Aehr Test Systems,AEHR,1476177386.3977,48.198022127151,United States,AEHR,0001040470
546,LuxExperience,LUXE,1460206725.3351,10.63812918663,Germany,,
547,POET Technologies,POET,1454480948.8049,9.5243900299072,Canada,,
548,PROG Holdings,PRG,1448465630.8179,36.599772977829,United States,PRG,0000928953
548,PROG Holdings,PRG,1448465630.8179,36.599772977829,United States,PRG,0001808834
549,Money Forward,3994.T,1428788136.043,25.833115732193,Japan,,
550,Frequentis,FQT.VI,1421009429.7284,107.03532558489,Austria,,
551,LegalZoom,LZ,1397915166.2836,7.8857852935791,United States,LZ,0000060751
551,LegalZoom,LZ,1397915166.2836,7.8857852935791,United States,LZ,0001286139
552,Allient,ALNT,1385798667.4213,81.789419221878,United States,ALNT,0000046129
553,Mixi,2121.T,1384325890.7644,21.262560661793,Japan,,
554,Playtika,PLTK,1349991876.723,3.5588446617126,Israel,PLTK,0001828016
555,Harmonic Inc.,HLIT,1346246845.5981,11.995098733902,United States,HLIT,0000851310
556,Certara,CERT,1337553637.8207,8.3978492736816,United States,CERT,0001827090
557,Lightwave Logic,LWLG,1318115197.5546,9.0635324478149,United States,LWLG,0001325964
558,Yalla Group,YALA,1307715956.456,8.2314284801483,United Arab Emirates,,
559,Coursera,COUR,1289217256.0062,7.6169517040253,United States,COUR,0001651562
560,Vitec Software Group,VIT-B.ST,1273432064.5171,32.052772850513,Sweden,,
561,Megaport Limited,MP1.AX,1270113956.4944,6.9056564308643,Australia,,
562,Amplitude,AMPL,1266817447.3303,9.473183631897,United States,AMPL,0000731859
562,Amplitude,AMPL,1266817447.3303,9.473183631897,United States,AMPL,0001866692
563,Ituran,ITRN,1258832034.8688,63.278306341171,Israel,,
564,Bytes Technology,BYIT.L,1227331455.1723,5.1924183694363,United Kingdom,,
565,Teladoc Health,TDOC,1224095253.0634,6.861657333374,United States,TDOC,0001477449
566,Nazara Technologies,NAZARA.NS,1208097236.2628,3.261028250885,India,,
567,Trainline,TRN.L,1195851463.0082,3.1767425197601,United Kingdom,,
568,Penguin Solutions,PENG,1195661774.0274,22.748442316055,United States,PENG,0000318107
568,Penguin Solutions,PENG,1195661774.0274,22.748442316055,United States,PENG,0001616533
569,NCR Voyix Corporation,VYX,1194089942.4341,8.5898732662201,United States,VYX,0000070866
570,Newegg,NEGG,1183395342.8317,56.442252206802,United States,NEGG,0001474627
571,Aeva Technologies,AEVA,1176751947.6492,19.586447238922,United States,AEVA,0001789029
572,Criteo,CRTO,1175412224.4168,22.978871107101,France,CRTO,0000811640
572,Criteo,CRTO,1175412224.4168,22.978871107101,France,CRTO,0001576427
573,Jumia,JMIA,1171693001.3165,9.4603820323944,Germany,,
574,Iress Limited,IRE.AX,1161923113.7328,6.2204892222881,Australia,,
575,Liquidity Services,LQDT,1160113637.0868,37.40627374649,United States,LQDT,0001235468
576,Pagaya Technologies,PGY,1152609155.1154,13.966545057297,Israel,PGY,0001883085
577,N-Able,NABL,1150294216.2741,6.1063629627228,United States,NABL,0001834488
578,Schrödinger,SDGR,1149216587.8693,15.566744995117,United States,SDGR,0000773717
578,Schrödinger,SDGR,1149216587.8693,15.566744995117,United States,SDGR,0001490978
579,Taboola.com,TBLA,1143813206.821,3.9684958457947,United States,TBLA,0001840502
580,GungHo Online Entertainment,3765.T,1127232014.4352,20.892978484154,Japan,,
581,Trustpilot Group,TRST.L,1113149818.4478,2.8617847671986,Denmark,,
582,Talkspace,TALK,1104081220.4071,6.5928237438202,United States,TALK,0000948545
582,Talkspace,TALK,1104081220.4071,6.5928237438202,United States,TALK,0001373444
582,Talkspace,TALK,1104081220.4071,6.5928237438202,United States,TALK,0001803901
583,BlackSky Technology,BKSY,1102605411.0513,30.634227609634,United States,BKSY,0001353633
583,BlackSky Technology,BKSY,1102605411.0513,30.634227609634,United States,BKSY,0001753539
584,innoscripta SE,1INN.DE,1095347606.9412,109.53470987177,Germany,,
585,Magic Software,MGIC,1092419188.5684,22.249179935455,Israel,,
586,Bukalapak.com,BUKA.JK,1060178914.5305,0.010278161010218,Indonesia,,
587,TeamViewer,TMV.DE,1056057978.518,6.7279318249702,Germany,,
588,Northern Data AG,NB2.DE,1051500956.0184,15.570073410988,Germany,,
589,PSI Software,PSAN.DE,1045637208.9694,67.04415286684,Germany,,
590,Viant Technology,DSP,1022245940.7352,16.13001537323,United States,DSP,0001393718
590,Viant Technology,DSP,1022245940.7352,16.13001537323,United States,DSP,0001828791
591,HelloFresh,HFG.DE,1021298838.719,7.1249094255447,Germany,,
592,Wiit S.p.A.,WIIT.MI,1011135518.2976,40.946940136909,Italy,,
593,RPMGlobal Holdings Limited,RUL.AX,996473996.16604,4.4985844779968,Australia,,
594,ODDITY Tech,ODD,985314575.60638,17.154143333435,Israel,,
595,Nagarro,NA9.DE,980189187.6921,74.615914924622,Germany,,
596,Wolfspeed,WOLF,979520633.1192,21.72431435585,United States,WOLF,0000895419
596,Wolfspeed,WOLF,979520633.1192,21.72431435585,United States,WOLF,0001294538
597,Lectra SA,LSS.PA,978367187.2413,25.729678808212,France,,
598,Porch Group,PRCH,974321094.50012,9.178746843338,United States,PRCH,0001784535
599,Cantaloupe,CTLP,972048513.59131,13.18564748764,United States,CTLP,0000896429
600,NerdWallet,NRDS,964356083.65662,13.262457084656,United States,NRDS,0000072316
600,NerdWallet,NRDS,964356083.65662,13.262457084656,United States,NRDS,0001625278
601,Raspberry Pi,RPI.L,961915658.4164,4.9711043172359,United Kingdom,,
602,freee K.K.,4478.T,951165919.76467,16.057302288055,Japan,,
603,Hansen Technologies,HSN.AX,937148022.37113,4.5887461432934,Australia,,
604,Catapult Group International,CAT.AX,933014179.786,3.0381268003464,Australia,,
605,"MNTN, Inc.",MNTN,927720814.40369,12.558369112015,United States,MNTN,0001863719
605,"MNTN, Inc.",MNTN,927720814.40369,12.558369112015,United States,MNTN,0001891027
606,Huya,HUYA,923763502.03522,4.134916639328,China,,
607,X-FAB,XFAB.PA,914222690.11347,6.9984680272579,Belgium,,
608,CI&amp;T,CINT,914022078.80798,7.0408797264099,Brazil,CINT,0001069322
609,i3 Verticals,IIIV,912297201.53229,29.437278056145,United States,IIIV,0001728688
610,Enghouse Systems,ENGH.TO,911835082.99264,16.653088728905,Canada,,
611,SAKURA Internet,3778.T,897908285.62164,22.435315192223,Japan,,
612,SEALSQ,LAES,897764825.77698,5.0182270050049,Switzerland,,
613,Stratasys,SSYS,895754585.48645,10.484509992599,Israel,SSYS,0000915735
614,Mensch und Maschine,MUM.F,888745652.1516,52.56195938158,Germany,,
615,QuinStreet,QNST,888669340.5368,15.592348194122,United States,QNST,0001117297
616,RS Technologies,3445.T,885354256.25186,33.456084187984,Japan,,
617,Chrysos Corporation Limited,C79.AX,885199287.76924,7.5998231638908,Australia,,
618,Weebit Nano,WBT.AX,884350676.13902,4.1920757811069,Australia,,
619,VTEX,VTEX,877149211.86829,5.0694334030151,United Kingdom,VTEX,0000905428
620,Alfa Financial Software,ALFA.L,876133676.34167,2.958820891428,United Kingdom,,
621,Asseco Business Solutions,ABS.WA,873954447.25675,26.482284842968,Poland,,
622,Udemy,UDMY,873103496.77429,6.0039501667023,United States,UDMY,0001607939
623,TomTom,TOM2.AS,871999872.16134,7.0043439614296,Netherlands,,
624,PagerDuty,PD,867822109.84863,9.3067628383636,United States,PD,0000078066
624,PagerDuty,PD,867822109.84863,9.3067628383636,United States,PD,0001568100
625,Webjet Limited,WEB.AX,866511635.71075,2.3980468252182,Australia,,
626,Pexip,PEXIP.OL,865983402.03032,8.4505022524357,Norway,,
627,Riskified,RSKD,865271621.57654,5.2742589950562,Israel,,
628,Sabre,SABR,859986547.79022,2.1762719154358,United States,SABR,0001490224
628,Sabre,SABR,859986547.79022,2.1762719154358,United States,SABR,0001597033
629,Arteris,AIP,854454782.06085,18.792748069763,United States,AIP,0001667011
630,Phreesia,PHR,848947103.82111,14.08175945282,United States,PHR,0001412408
631,Hippo,HIPO,836494690.98785,32.20882434845,United States,HIPO,0001828105
632,PAR Technology,PAR,835008968.07343,20.290535211563,United States,PAR,0000708821
632,PAR Technology,PAR,835008968.07343,20.290535211563,United States,PAR,0001408501
633,Ubisoft,UBI.PA,829630826.65873,6.157466947937,France,,
634,Yext,YEXT,827786899.6283,6.7336413383484,United States,YEXT,0001614178
635,THG (The Hut Group),THG.L,825277678.59236,0.52979675573349,United Kingdom,,
636,Mitek Systems,MITK,821451316.34552,18.12706489563,United States,MITK,0000807863
637,WhiteFiber,WYFI,821376268.2486,21.468282365799,United States,WYFI,0002042022
638,MediaAlpha,MAX,818137565.98724,12.468757915497,United States,MAX,0000052532
638,MediaAlpha,MAX,818137565.98724,12.468757915497,United States,MAX,0001818383
639,Avalon Technologies,AVALON.NS,815567386.29479,12.204788933754,India,,
640,SiteMinder,SDR.AX,810570822.15647,2.8758537250519,Australia,,
641,Bravura Solutions,BVS.AX,808303777.93944,1.8030412819386,Australia,,
642,Alpha &amp; Omega Semiconductor,AOSL,807690641.49078,27.139390945435,United States,AOSL,0001387467
643,GB Group (GBG),GBG.L,799538065.74293,3.413380086565,United Kingdom,,
644,Cybozu,4776.T,798665315.41668,17.270253840923,Japan,,
645,Equasens,EQS.PA,797815227.76204,53.076583681583,France,,
646,Forge Global,FRGE,797548989.0567,57.607197761536,United States,FRGE,0001827821
647,Cognyte Software,CGNT,795688763.02979,10.894161176682,Israel,CGNT,0000007059
647,Cognyte Software,CGNT,795688763.02979,10.894161176682,Israel,CGNT,0000894237
647,Cognyte Software,CGNT,795688763.02979,10.894161176682,Israel,CGNT,0001824814
648,Hypoport,HYQ.F,784555459.01328,117.18008112669,Germany,,
649,Nextdoor,NXDR,783060200.18738,1.9970495223999,United States,NXDR,0001846069
650,Mühlbauer Holding,MUB.DE,776206703.87369,54.693809746742,Germany,,
651,Bumble,BMBL,775257819.87488,4.8774094104767,United States,BMBL,0001830043
652,NETGEAR,NTGR,770106292.37457,27.113787746429,United States,NTGR,0001122904
653,TANLA,TANLA.NS,766301904.07328,5.797690795517,India,,
654,Zuken Inc.,6947.T,747436738.63529,35.464271101952,Japan,,
655,Shutterstock,SSTK,740375038.38745,20.828202390671,United States,SSTK,0001549346
656,Consensus Cloud Solutions,CCSI,732346039.03992,38.532814502716,United States,CCSI,0001866633
657,Red Violet,RDVT,730785841.54022,51.872081184387,United States,RDVT,0001720116
658,2CRSI,AL2SI.PA,728022325.69129,32.566373022556,France,,
659,Corsair Gaming,CRSR,726418632.19696,6.8104509353638,United States,CRSR,0001743759
660,Docebo,DCBO,724310731.06415,25.180746221542,Canada,,
661,Qt Group,QTCOM.HE,721250682.80481,28.405469136238,Finland,,
662,Ibotta,IBTA,718829188.56995,29.520488452911,United States,IBTA,0001538379
663,LendingTree,TREE,700849352.30988,50.899159622192,United States,TREE,0001096479
663,LendingTree,TREE,700849352.30988,50.899159622192,United States,TREE,0001434621
664,Grid Dynamics,GDYN,699153560.26825,8.2442300796509,United States,GDYN,0001743725
665,MapmyIndia,MAPMYINDIA.NS,691887908.77761,12.995671751022,India,,
666,Creotech Instruments,CRI.WA,678343240.43192,237.65273364544,Poland,,
667,HIVE Blockchain Technologies,HIVE,674355039.08401,2.6627326965332,Canada,HIVE,0001372414
668,OBOOK Holdings Inc. (OwlTing),OWLS,672037109.78912,7.6041501045227,Taiwan,OWLS,0002025416
669,Bit Digital,BTBT,671255986.91132,2.0738591194153,United States,BTBT,0001710350
670,Richtech Robotics,RR,669798325.103,2.9955742835999,United States,RR,0001963685
671,AMTD Digital,HKD,667864198.00247,2.1250655174255,Hong Kong,,
672,Wemade,112040.KQ,667021727.29953,19.732001425266,South Korea,,
673,Sohu.com,SOHU,662113965.29663,20.034503221512,China,SOHU,0001104188
674,Veradigm,MDRX,660800623.60046,6.0679581642151,United States,MDRX,0001124804
675,Quadient,QDT.PA,654878346.35843,19.319277857304,France,,
676,CEVA,CEVA,653747085.65247,23.554943084717,United States,CEVA,0001173489
677,Mastek,MASTEK.NS,653252207.8197,21.0745051651,India,,
678,indie Semiconductor,INDI,647037859.52469,3.1235902786255,United States,INDI,0001128252
678,indie Semiconductor,INDI,647037859.52469,3.1235902786255,United States,INDI,0001841925
679,NCC Group plc,NCC.L,640891929.37822,2.1893295469284,United Kingdom,,
680,Gentrack Group,GTK.NZ,636306014.94874,5.6584990041256,New Zealand,,
681,Auction Technology Group,ATG.L,634929281.012,5.243483949852,United Kingdom,,
682,Alight,ALIT,632791010.64468,1.1618731708527,United States,ALIT,0001809104
683,Gloo Holdings,GLOO,626242982.25784,7.7449676990509,United States,GLOO,0002069785
684,Rapid7,RPD,585414851.2056,8.8843100547791,United States,RPD,0001560327
685,ThredUp,TDUP,578953955.62561,4.5573694229126,United States,TDUP,0001484778
686,Yubico,YUBICO.ST,570768825.41022,6.6040635481834,Sweden,,
687,Stitch Fix,SFIX,566927375.19821,4.2245278358459,United States,SFIX,0001576942
688,Digital Turbine,APPS,563312326.39404,4.6981870174408,United States,APPS,0000317788
689,BOE Varitronix,0710.HK,561912745.44267,0.72113842301846,Hong Kong,,
690,DoubleDown Interactive,DDI,561094351.98807,11.323014760017,United States,DDI,0001104252
691,Wirtualna Polska (WP Holding),WPL.WA,559130626.30933,18.778282262325,Poland,,
692,PlayWay,PLW.WA,551587946.9253,83.573962192535,Poland,,
693,Rackspace Technology,RXT,549996491.7601,2.227478313446,United States,RXT,0001810019
694,Truecaller,TRUE-B.ST,539653671.15096,1.6149089756489,Sweden,,
695,Gravity Co.,GRVY,539079615.42526,77.577692985535,South Korea,,
696,Blend Labs,BLND,535353346.32462,2.0610575199127,United States,BLND,0001855747
697,Gree,3632.T,533912216.50189,3.108650812006,Japan,,
698,TXT e-solutions,TXT.MI,532603419.37355,42.049541902065,Italy,,
699,PowerFleet,AIOT,528928295.22324,3.9428926467896,United States,AIOT,0001774170
700,BitFuFu,FUFU,526416232.23221,3.1619950771332,Singapore,,
701,Seco S.p.A.,IOT.MI,525990237.24604,3.9697119977474,Italy,,
702,Xunlei,XNET,525358840.59586,8.3978492736816,China,XNET,0001510593
703,ECARX Holdings,ECX,525195922.31995,1.4721839427948,China,ECX,0001861974
704,Priority Technology Holdings,PRTH,524043491.60889,6.4007997512817,United States,PRTH,0001653558
705,OneSpan,OSPN,520397759.93103,13.68490986824,United States,OSPN,0001044777
706,Locaweb,LWSA3.SA,519849923.16128,0.94473115993023,Brazil,,
707,Paysafe,PSFE,514196542.23663,8.9483180522919,United States,,
708,Nano Dimension,NNDM,511555684.91333,2.3426927089691,United States,,
709,Pinewood Technologies Group,PINE.L,507694929.88927,4.4348325124741,United Kingdom,,
710,Lesaka Technologies,LSAK,507003436.13022,6.0295533657074,South Africa,LSAK,0001041514
711,IVU Traffic Technologies,IVU.DE,504630977.14209,29.184702497959,Germany,,
712,Groupon,GRPN,503987952.79907,12.366345119476,United States,GRPN,0001490281
713,Nuix Limited,NXL.AX,494936709.88678,1.4784951313496,Australia,,
714,PubMatic,PUBM,492167713.6731,10.382097196579,United States,PUBM,0001108730
714,PubMatic,PUBM,492167713.6731,10.382097196579,United States,PUBM,0001422930
715,Fiverr,FVRR,489348289.39865,13.249655485153,Israel,,
716,Weave Communications,WEAV,478243301.24008,6.0807597637177,United States,WEAV,0001609151
717,D2L Inc.,DTOL.TO,475178003.04479,8.6922476574421,Canada,,
718,eMudhra,EMUDHRA.NS,470157077.46261,5.7339772347927,India,,
719,Neowiz Games,095660.KQ,466053490.17775,23.592579787254,South Korea,,
720,COLOPL,3668.T,460188315.75045,3.5825788271904,Japan,,
721,Spire Global,SPIR,458906372.53738,13.864132261276,United States,SPIR,0000731657
721,Spire Global,SPIR,458906372.53738,13.864132261276,United States,SPIR,0001816017
722,Troops,TROO,456888676.59531,3.6100510597229,Hong Kong,,
723,Sprout Social,SPT,455955286.37238,7.655356502533,United States,SPT,0000086312
723,Sprout Social,SPT,455955286.37238,7.655356502533,United States,SPT,0001517375
724,Perion Network,PERI,451239013.25516,10.894161176682,Israel,,
725,3D Systems,DDD,446878604.12155,3.0595822811127,United States,DDD,0000910638
725,3D Systems,DDD,446878604.12155,3.0595822811127,United States,DDD,0000934936
726,Agora.io,API,446162656.74713,4.9670206069946,China,API,0000869986
726,Agora.io,API,446162656.74713,4.9670206069946,China,API,0001796209
727,Verve Group SE,VER.ST,445891023.44777,2.2281567982197,Sweden,,
728,Canaan,CAN,445402548.97507,0.65659403848648,China,,
729,F-Secure,FSECURE.HE,444377719.48721,2.5435626067638,Finland,,
730,WithSecure Oyj,WITH.HE,444175458.05555,2.5259092010498,Finland,,
731,Absci,ABSI,442749115.36041,2.9443678855896,United States,ABSI,0001672688
732,ON24,ONTF,437795449.38202,10.279684400558,United States,ONTF,0001110611
733,Coveo Solutions,CVO.TO,433350673.86721,4.5195919027805,Canada,,
734,Automatic Bank Services,SHVA.TA,428000067.41288,10.689066751051,Israel,,
735,Smart Parking Limited,SPZ.AX,424925271.71092,1.0322416139698,Australia,,
736,SOPHiA GENETICS,SOPH,422038052.72583,5.8887357711792,Switzerland,,
737,Qoria Limited,QOR.AX,421224910.48735,0.30651765800953,Australia,,
738,Palladyne AI,PDYN,420217276.10794,9.0379292488098,United States,PDYN,0000076174
738,Palladyne AI,PDYN,420217276.10794,9.0379292488098,United States,PDYN,0001826681
739,Bgin Blockchain,BGIN,420013105.95779,3.7124638557434,Singapore,,
740,Chaince Digital Holdings,CD,414641063.2251,5.8503309726715,United States,CD,0000723612
740,Chaince Digital Holdings,CD,414641063.2251,5.8503309726715,United States,CD,0001527762
741,Materialise NV,MTLS,412945148.28812,6.9384669303894,Belgium,,
742,Getty Images,GETY,411418296.39481,0.98610720968246,United States,GETY,0001898496
743,Shoper,SHO.WA,411238335.34948,14.616866312027,Poland,,
744,Appen,APX.AX,408347293.80678,1.5235695631981,Australia,,
745,Cerence,CRNC,406870226.05377,9.0379292488098,United States,CRNC,0001768267
746,SmartRent,SMRT,406027327.7774,2.112263917923,United States,SMRT,0000884940
746,SmartRent,SMRT,406027327.7774,2.112263917923,United States,SMRT,0001331301
746,SmartRent,SMRT,406027327.7774,2.112263917923,United States,SMRT,0001837014
747,MSTC Limited,MSTCLTD.NS,405855171.86729,5.7616798961163,India,,
748,Cigniti Technologies,CIGNITITEC.NS,404651607.72734,14.689579397202,India,,
749,Allot,ALLT,402951461.86172,8.3210396766663,Israel,ALLT,0001365767
750,Telos,TLS,396552792.2966,5.3766717910767,United States,TLS,0000320121
751,OneConnect,OCFT,393911525.32211,10.100462007523,China,,
752,Rimini Street,RMNI,391132574.58466,4.2629326343536,United States,RMNI,0001415610
752,Rimini Street,RMNI,391132574.58466,4.2629326343536,United States,RMNI,0001635282
753,TechTarget,TTGT,387969330.07141,5.3766717910767,United States,TTGT,0001293282
753,TechTarget,TTGT,387969330.07141,5.3766717910767,United States,TTGT,0002018064
754,IQE plc,IQE.L,378219361.77651,0.38645212546349,United Kingdom,,
755,8x8,EGHT,376317990.12863,2.7011374950409,United States,EGHT,0001023731
756,DocMorris,DOCM.SW,374498736.90108,7.7058588125706,Switzerland,,
757,Infotel SA,INF.PA,373006692.55682,53.958741903305,France,,
758,Parrot S.A.,PARRO.PA,367563370.51809,11.879743520784,France,,
759,Bakkt Holdings,BKKT,360335408.21655,11.790273141861,United States,BKKT,0001820302
760,CS Disco,LAW,359956439.90616,5.6839101791382,United States,LAW,0001625641
761,EaseMyTrip,EASEMYTRIP.NS,356123959.77492,0.097920842771053,India,,
762,Zhihu,ZH,350108056.75476,3.9428926467896,China,,
763,Gooch &amp; Housego,GHH.L,349475790.87597,12.76822573266,United Kingdom,,
764,Vista Group International,VGL.NZ,346751848.61157,1.4518550027847,New Zealand,,
765,Aeluma,ALMU,341737715.55809,18.933565664291,United States,ALMU,0001828805
766,Endava,DAVA,341480782.33543,6.2855853557587,United Kingdom,,
767,Veritone,VERI,340826548.9119,3.7124638557434,United States,VERI,0001615165
768,Xperi,XPER,340329314.30466,7.2457053184509,United States,XPER,0001690666
768,Xperi,XPER,340329314.30466,7.2457053184509,United States,XPER,0001788999
768,Xperi,XPER,340329314.30466,7.2457053184509,United States,XPER,0001803696
769,Claritev,CTEV,339465933.46909,20.508162403107,United States,CTEV,0001793229
770,Concurrent Technologies,CNC.L,337651712.5503,3.8815473819733,United Kingdom,,
771,Com2uS,078340.KQ,329908245.19871,28.825873663902,South Korea,,
772,centrotherm international,CTNK.F,329811710.89718,15.584795250416,Germany,,
773,GDEV Inc.,GDEV,327368790.62523,18.056656098366,Cyprus,,
774,kneat.com,FOBK.F,327075888.74845,3.2933906944275,Ireland,,
775,DeFi Technologies,DEFI.NE,325645103.89829,0.84390704240799,Canada,,
776,Gorilla Technology,GRRR,325023619.5266,14.337791442871,Taiwan,,
777,Asure Software,ASUR,324722525.9063,11.444629955292,United States,ASUR,0000884144
778,Text (LiveChat),TXT.WA,320198006.66787,12.434872081614,Poland,,
779,One Stop Systems,OSS,318545067.98058,12.993623495102,United States,OSS,0001394056
780,Simulations Plus,SLP,318001215.06859,15.784372186661,United States,SLP,0001023459
781,Spok Holdings,SPOK,317927211.58218,15.336316204071,United States,SPOK,0001289945
782,Repay Holdings,RPAY,316867321.07361,3.4692334651947,United States,RPAY,0001720592
783,eGain,EGAN,315176813.53226,11.508637952805,United States,EGAN,0001066194
784,Lantronix,LTRX,313510905.54451,7.8985868930817,United States,LTRX,0001114925
785,ZipRecruiter,ZIP,309059082.74918,3.6612574577332,United States,ZIP,0001131457
785,ZipRecruiter,ZIP,309059082.74918,3.6612574577332,United States,ZIP,0001617553
786,Webzen,069080.KQ,307969297.94544,10.595218225098,South Korea,,
787,AudioCodes,AUDC,300299572.92763,10.471708393097,Israel,AUDC,0001086434
788,Dye &amp; Durham,DND.TO,299808618.7851,4.4633288729668,Canada,,
789,BrainChip,BRN.AX,297667992.92348,0.12621301775169,Australia,,
790,Computer Modelling Group,CMG.TO,294602379.80885,3.6756848603725,Canada,,
791,Netcall,NET.L,293139190.26986,1.7194596387863,United Kingdom,,
792,Similarweb,SMWB,290573798.37563,3.3412174701691,Israel,,
793,"Nerdy, Inc,",NRDY,290329318.54897,1.1773631062508,United States,NRDY,0001819404
794,Nucleus Software Exports,NUCLEUS.NS,288498218.72124,10.958962873363,India,,
795,Sidetrade,ALBFR.PA,286438674.35039,202.89639099598,France,,
796,Eleving Group,OT8.F,283542957.66355,2.3524219245911,Luxembourg,,
797,Backblaze,BLZE,282574539.70406,4.8134014129639,United States,BLZE,0001462056
798,Vecima Networks,VCM.TO,282481775.47358,11.617784390163,Canada,,
799,Arqit Quantum,ARQQ,281518213.16078,17.986247301102,United Kingdom,,
800,Xerox,XRX,281510368.34061,2.1890735149384,United States,XRX,0000108772
800,Xerox,XRX,281510368.34061,2.1890735149384,United States,XRX,0001770450
801,Duos Technologies Group,DUOT,278717858.14896,9.4347788333893,United States,DUOT,0001396536
802,Linedata Services,LIN.PA,273174153.64789,55.723058346748,France,,
803,Cheetah Mobile,CMCM,268736666.08368,8.7562940597534,China,,
804,Compugen,CGEN,268685111.48216,2.8291534900665,Israel,,
805,cBrain,CBRAIN.CO,268555200.85041,13.731891738415,Denmark,,
806,Streamwide,ALSTW.PA,267639981.21781,100.86021803284,France,,
807,Kaltura,KLTR,266994665.38849,1.7282159328461,United States,KLTR,0001432133
808,Everspin Technologies,MRAM,264307169.27788,11.431828355789,United States,MRAM,0001438423
809,Vuzix,VUZI,261565537.76329,3.2644078731537,United States,VUZI,0001463972
810,Fonix Mobile,FNX.L,258137236.13235,2.6047158475876,United Kingdom,,
811,trivago,TRVG,254036579.13361,3.5972494602203,Germany,,
812,Ceragon Networks,CRNT,253161789.51256,2.816351890564,Israel,,
813,Capital B,ALCPB.PA,251397360.41504,1.102699057312,France,,
814,Paysign,PAYS,249441501.3192,4.5317662239075,United States,PAYS,0001496443
815,Domo,DOMO,247745545.4171,5.9271405696869,United States,DOMO,0001505952
816,Conduent,CNDT,247565606.13449,1.6001999378204,United States,CNDT,0001677703
817,KLab,3656.T,247253838.54053,3.2452054738998,Japan,,
818,Accelya,ACCELYA.NS,245810797.439,16.419459537983,India,,
819,LifeMD,LFMD,242481118.05046,5.0374294042587,United States,LFMD,0000948320
820,DUG Technology,DUG.AX,242467667.40986,1.7895227928638,Australia,,
821,Atomera,ATOM,242237191.2529,6.2599821567535,United States,ATOM,0001420520
822,Admicom Oyj,ADMCM.HE,239733099.81788,47.783634351254,Finland,,
823,CuriosityStream,CURI,238820536.51718,4.0965118408203,United States,CURI,0001776909
824,Visiativ SA,ALVIV.PA,236614996.3048,51.46230198431,France,,
825,Amtech Systems,ASYS,235696495.62225,16.360444164276,United States,ASYS,0000003559
825,Amtech Systems,ASYS,235696495.62225,16.360444164276,United States,ASYS,0000720500
826,TON Strategy Co.,TONX,234827379.6701,3.9428926467896,United States,TONX,0001566610
827,Digia Oyj,DIGIA.HE,234699664.51267,8.7921897447586,Finland,,
828,WALLIX Group,ALLIX.PA,232232793.7282,34.477779844284,France,,
829,Marvelous,7844.T,230145139.60516,3.7994507243633,Japan,,
830,Beeks Financial Cloud Group,BKS.L,228022594.72268,3.3367625135422,United Kingdom,,
831,Frontier Developments,FDEV.L,227043929.08279,6.2989886304379,United Kingdom,,
832,Digital Bros,DIB.MI,223576318.86041,15.672998270988,Italy,,
833,ALT5 Sigma,ALTS,219958618.84499,1.7410175323486,United States,ALTS,0000813747
833,ALT5 Sigma,ALTS,219958618.84499,1.7410175323486,United States,ALTS,0000862861
834,Tucows,TCX,219121025.55145,19.733665633202,Canada,TCX,0000909494
835,Tribal Group,TRB.L,217026198.69221,1.0129457630396,United Kingdom,,
836,Kudelski SA,KUD.SW,213841881.46603,2.1856554878712,Switzerland,,
837,Tingo Group,TIO,213719590.3463,0.88331036567688,United States,TIO,0000854800
838,MotorK,MTRK.AS,212790171.17953,4.4549054204941,Italy,,
839,Cegedim SA,ALCGM.PA,211956895.86551,15.437832888126,France,,
840,lastminute.com,LMN.SW,211807679.14155,19.82532508564,Netherlands,,
841,Marti Technologies,MRT,211594791.10214,2.6883358955383,Turkey,MRT,0000883981
841,Marti Technologies,MRT,211594791.10214,2.6883358955383,Turkey,MRT,0001616314
842,Unisys,UIS,210881711.28601,2.9571694850922,United States,UIS,0000746838
843,Aptitude Software Group,APTD.L,209316011.65885,3.8985607077122,United Kingdom,,
844,Quartix Technologies,QTX.L,208595965.21227,4.3071493590355,United Kingdom,,
845,MicroVision,MVIS,207342550.36369,0.67630850172043,United States,MVIS,0000065770
846,Serviceware,SJJ.DE,204550640.56706,19.480962059021,Germany,,
847,KORE,KORE,202502378.24585,11.521439552307,United States,KORE,0001444064
847,KORE,KORE,202502378.24585,11.521439552307,United States,KORE,0001855457
848,"PLAID,Inc.",4165.T,201747535.77166,4.9159934313774,Japan,,
849,Geospace Technologies,GEOS,199303043.46329,15.464332199097,United States,GEOS,0001001115
849,Geospace Technologies,GEOS,199303043.46329,15.464332199097,United States,GEOS,0001385799
850,Quicklogic,QUIK,197213638.08144,11.406225156784,United States,QUIK,0000882508
851,Almawave,AIW.MI,194611419.82591,6.4908205989838,Italy,,
852,OPTiM,3694.T,190756145.1666,3.4620901726723,Japan,,
853,Serko Limited,SKO.NZ,187394671.72554,1.5039703143597,New Zealand,,
854,ReposiTrak,TRAK,186426232.00333,10.241279602051,United States,TRAK,0000050471
854,ReposiTrak,TRAK,186426232.00333,10.241279602051,United States,TRAK,0001333513
855,Fabasoft,FAA.DE,185611648.30474,17.496202072144,Austria,,
856,Digimarc,DMRC,184940099.43771,8.5002620697021,United States,DMRC,0001089443
856,Digimarc,DMRC,184940099.43771,8.5002620697021,United States,DMRC,0001438231
857,Innoviz,INVZ,184420641.25374,0.88331036567688,Israel,,
858,Valens Semiconductor,VLN,181968530.7135,1.7282159328461,Israel,,
859,Comtech Telecommunications,CMTL,181771242.70325,6.1319661617279,United States,CMTL,0000023197
860,Rekor Systems,REKR,181274458.71231,1.3313663482666,United States,REKR,0001697851
861,Perfect Corp.,PERF,181231793.54149,1.7794223308563,Taiwan,PERF,0000719662
861,Perfect Corp.,PERF,181231793.54149,1.7794223308563,Taiwan,PERF,0000880460
861,Perfect Corp.,PERF,181231793.54149,1.7794223308563,Taiwan,PERF,0001899830
862,The Original BARK Company,BARK,179216063.92509,1.0369295597076,United States,BARK,0001819574
863,Baozun,BZUN,178926235.71236,3.0851854801178,China,,
864,Eleco,ELCO.L,177120740.36379,2.1280354885101,United Kingdom,,
865,Team Internet Group,TIG.L,175395319.02012,0.69799697159767,United Kingdom,,
866,Allied Tecnologia,ALLD3.SA,172607084.5627,1.8037965763092,Brazil,,
867,accesso Technology Group,ACSO.L,168889295.24157,4.5454895385742,United Kingdom,,
868,Dominion Hosting,DHH.MI,168224149.73461,30.140469916821,Italy,,
869,Thryv,THRY,167918734.29432,3.8020750522614,United States,THRY,0001556739
870,Eagle Eye Solutions Group,EYE.L,167437912.6178,5.6009942191601,United Kingdom,,
871,CI Games,CI7.F,165770253.37124,0.81305646776676,Poland,,
872,WM Technology,MAPS,165207201.90048,0.96600869846344,United States,MAPS,0000916238
872,WM Technology,MAPS,165207201.90048,0.96600869846344,United States,MAPS,0001779474
873,Diginex,DGNX,163774293.26496,0.78089756965637,Hong Kong,,
874,UNITED,2497.T,163620163.28711,4.369774783802,Japan,,
875,Userjoy Technology,3546.TWO,163200484.61014,2.7932194002628,Taiwan,,
876,Freelance.com SA,ALFRE.PA,161563754.02798,2.8596597016811,France,,
877,Easy Software,ESY.HM,161015603.61904,24.99448294878,Germany,,
878,Tracsis,TRCS.L,157074370.05954,5.2775362045288,United Kingdom,,
879,Micro Systemation,MSAB-B.ST,156044711.80835,8.4492861004829,Sweden,,
880,The Platform Group,TPG.F,155394891.09616,7.5494360682487,Germany,,
881,SNGULAR,SNG.MC,151208369.92908,2.8523115835667,Spain,,
882,gumi,3903.T,142155242.62134,2.7873434660912,Japan,,
883,ReadyTech Holdings,RDY.AX,142029459.22527,1.1494389772558,Australia,,
884,OptimizeRx,OPRX,141507682.67162,7.5913485050201,United States,OPRX,0001448431
885,Silicom,SILC,139287025.05039,24.451055049896,Israel,,
886,1Spatial,SPA.L,137113353.13982,1.2257505920506,United Kingdom,,
887,Microlise,SAAS.L,134225199.63796,1.1576524834967,United Kingdom,,
888,Synchronoss,SNCR,132574142.7858,11.521439552307,United States,SNCR,0001131554
889,Lemonsoft,LEMON.HE,131169242.76983,7.3366222781181,Finland,,
890,Silvaco Group,SVCO,129434780.93658,4.2245278358459,United States,SVCO,0001943289
891,SaverOne 2014,SVRE,128885909.79759,3.6612574577332,Israel,SVRE,0001894693
892,Magnachip Semiconductor,MX,127970820.74131,3.5332414627075,Luxembourg,MX,0001325702
893,iHuman,IH,124886526.25252,2.4323039054871,China,,
894,Viomi Technology,VIOT,124160071.32523,1.817827129364,China,,
895,Intellicheck,IDN,122602526.31695,6.0679581642151,United States,IDN,0001040896
896,Arbe Robotics,ARBE,122232519.12621,0.99852476119995,Israel,ARBE,0000710782
897,EROAD Limited,ERD.NZ,122207897.80988,0.65147083836555,New Zealand,,
898,Serverworks,4434.T,120735373.34454,16.314358406067,Japan,,
899,Odysight.ai,ODYS,119357966.04366,7.2969117164612,Israel,ODYS,0001577445
900,Airship AI,AISP,118805029.11667,3.4564318656921,United States,AISP,0001842566
901,Ateme SA,ATEME.PA,116333443.50311,10.056616529226,France,,
902,American Well,AMWL,116327397.30766,7.0280781269073,United States,AMWL,0001393584
903,"Stem, Inc",STEM,115599887.52857,13.569695472717,United States,STEM,0000883975
903,"Stem, Inc",STEM,115599887.52857,13.569695472717,United States,STEM,0001758766
904,Arab Sea Information Systems Company,7201.SR,115314356.81279,1.1531437601519,Saudi Arabia,,
905,The9,NCTY,112885026.71886,7.4633325099945,China,,
906,"SoundThinking 
 (ShotSpotter)",SSTI,112800454.23191,8.7946988582611,United States,SSTI,0000855906
906,"SoundThinking 
 (ShotSpotter)",SSTI,112800454.23191,8.7946988582611,United States,SSTI,0001351636
907,11 bit studios,11B.WA,112479858.65493,46.533174111843,Poland,,
908,Velo3D,VLDX,110751624.79984,7.8729836940765,United States,VLDX,0001825079
909,Quick Heal,QUICKHEAL.NS,109876614.99128,2.0260067404747,India,,
910,Genasys,GNSS,105918560.13004,2.3426927089691,United States,GNSS,0000924383
910,Genasys,GNSS,105918560.13004,2.3426927089691,United States,GNSS,0001161396
911,WISeKey International,WKEY,105564713.67851,9.3707708358765,Switzerland,,
912,Pulsar Group,PULS.L,105031525.77907,0.77460558350086,United Kingdom,,
913,GCT Semiconductor,GCTS,104832165.18986,1.4465807437897,United States,GCTS,0001851961
914,Castellum,CTM,103205890.95417,1.0908242936134,United States,CTM,0001877939
915,Corero Network Security,CNS.L,102451280.18893,0.20003523350716,United Kingdom,,
916,Quantum,QMCO,101940263.37967,6.9640701293945,United States,QMCO,0000709283
917,Airtasker,ART.AX,101054070.09378,0.20735006746292,Australia,,
918,Identiv,INVE,100655167.13264,4.2373294353485,United States,INVE,0001036044
919,Blackboxstocks,BLBX,100029373.74256,23.234903097153,United States,BLBX,0001567900
920,Expensify,EXFY,97142326.298904,1.0433303594589,United States,EXFY,0001476840
921,Mobix Labs,MOBX,96340495.553741,0.93464477968216,United States,MOBX,0001855467
922,Research Solutions,RSSS,96043344.826088,2.9187646865845,United States,RSSS,0001386301
923,Intchains Group,ICG,95581258.290443,1.5743407068253,China,ICG,0001326205
924,Coheris SA,COH.PA,94878098.433766,16.687525031567,France,,
925,AEye,LIDR,94591264.515152,2.0994623184204,United States,LIDR,0001818644
926,ATARI,ALATA.PA,93983406.165972,0.16908096590996,France,,
927,Drecom,3793.T,93909688.155236,3.2371660694122,Japan,,
928,Kalray,ALKAL.PA,92598393.43483,6.0280811817646,France,,
929,Thinkific Labs,THNC.TO,91682680.940652,1.3502487075329,Canada,,
930,Teads,TEAD,91480117.391243,0.95819972276688,United States,TEAD,0001454938
931,Méliuz,CASH3.SA,90063928.924832,0.79543378589153,Brazil,,
932,Zoomd Technologies,ZOMD.V,89786665.482006,0.89079034026623,Canada,,
933,Mobilicom,MOB,89274125.282402,7.4633325099945,Australia,,
934,Aiforia Technologies Oyj,AIFORIA.HE,89164064.810839,2.6464746651649,Finland,,
935,AudioEye,AEYE,87755947.752914,7.066482925415,United States,AEYE,0001362190
936,3P Learning,3PL.AX,87341003.107438,0.32003998756409,Australia,,
937,Nano Labs,,87301429.522896,3.7764718532562,China,,
938,Exasol AG,EXL.DE,85207616.550336,3.2051748722553,Germany,,
939,Playstudios,MYPS,83444845.259953,0.66171467828751,United States,MYPS,0001823878
940,Vantiva,VANTI.PA,82466618.714924,0.16819893570423,France,,
941,Forian,FORA,82339324.73011,2.6499310970306,United States,FORA,0001829280
942,Freightos,CRGO,82067613.340988,1.6001999378204,Israel,CRGO,0001093819
943,Celebrus Technologies,CLBS.L,81972916.068988,2.0854829717636,United Kingdom,,
944,Sylogist,SYZ.TO,81586328.24657,3.4881542292595,Canada,,
945,Chegg,CHGG,81042015.75716,0.73020323562622,United States,CHGG,0001364954
946,NFON AG,NFN.DE,79543548.850427,4.7636543972969,Germany,,
947,Where Food Comes From,WFCF,79445482.197437,15.541141796112,United States,WFCF,0001360565
948,SYLA Technologies,SYT,77011908.37328,2.8931614875793,Japan,,
949,Global Mofy Metaverse,GMM,75924263.996983,1.4723119587898,China,,
950,iLearningEngines,AILE,75904083.555527,0.53766717910767,United States,AILE,0001835972
951,"111, Inc.",YI,71900163.123589,8.2954364776611,China,,
952,freelancer.com,FLN.AX,71139124.675241,0.15776563210964,Australia,,
953,Mobile Factory,3912.T,69196745.663676,9.6954450024605,Japan,,
954,cyan AG,CYR.DE,68078191.82538,3.1169590500832,Germany,,
955,CarParts.com,PRTS,67306478.123207,1.0201594643593,United States,PRTS,0001378950
956,Skillz,SKLZ,67206518.113651,4.3909486293793,United States,SKLZ,0001801661
957,Agile Content,AGIL.MC,66735544.707632,2.9111221316814,Spain,,
958,1-800-PetMeds,PETS,66572424.166451,3.1107886791229,United States,PETS,0001040130
959,Mister Spex,MRX.F,65064194.759936,1.8966465775013,Germany,,
960,Scienjoy Holding Corporation,SJ,65038941.044598,1.5361919403076,China,SJ,0001753673
961,Alarum Technologies,ALAR,65005380.371342,8.973921251297,Israel,,
962,Sequans Communications,SQNS,64503516.705723,4.0325038433075,France,SQNS,0001383395
963,Avant Technologies Inc.,AVAI,64245554.234467,0.46469806194305,United States,,
964,Gigas Hosting,GIGA.MC,63273888.509183,5.0577071378708,Spain,,
965,AgEagle Aerial Systems,UAVS,60212584.412937,1.3825727462769,United States,UAVS,0000008504
966,eHealth,EHTH,60065401.863136,1.9330415248871,United States,EHTH,0001333493
967,Elauwit Connection,ELWT,59575018.671951,8.9995244503021,United States,ELWT,0002063863
968,Ekso Bionics,EKSO,53873652.231731,15.118689012527,United States,EKSO,0001549084
969,Mentice AB,MNTC.ST,53086204.08361,1.8874550290585,Sweden,,
970,Stock3 AG,BOG.DE,51706287.66923,46.1662802701,Germany,,
971,HiPay Group,ALHYP.PA,51243360.068498,8.1158684414387,France,,
972,People Can Fly,PCF.WA,50705484.223318,1.1899829230404,Poland,,
973,Techstep ASA,TECH.OL,50644963.38151,1.4719407124043,Norway,,
974,reAlpha Tech,AIRE,50344584.090462,0.38507211303711,United States,AIRE,0001859199
975,SHL Telemedicine,SHLT,50253779.78487,2.6243278980255,Israel,,
976,Latch,LTCH,50045753.792953,0.30467806816101,United States,LTCH,0001826000
977,geechs,7060.T,49290109.938636,4.851742203474,Japan,,
978,Automated Systems Company KPSC,ASC.KW,48867349.916663,488.67417765141,Kuwait,,
979,Pixelworks,PXLW,47776501.300011,7.5913485050201,United States,PXLW,0001040161
980,Arrive AI,ARAI,46432128.526649,1.2743992304802,United States,ARAI,0001818274
981,Natural Health Trends,NHTC,45984364.420528,3.9940990447998,United States,NHTC,0000912061
982,TransAct Technologies,TACT,44274383.086014,4.3781470298767,United States,TACT,0001017303
983,Skillsoft,SKIL,44064339.562016,5.0310286045074,United States,SKIL,0000940181
983,Skillsoft,SKIL,44064339.562016,5.0310286045074,United States,SKIL,0001774675
984,Usio,USIO,44047589.949226,1.613001537323,United States,USIO,0001088034
985,Phunware,PHUN,43674684.476357,2.1634703159332,United States,PHUN,0001298824
985,Phunware,PHUN,43674684.476357,2.1634703159332,United States,PHUN,0001665300
986,Katapult Holdings,KPLT,41152500.540762,8.7178892612457,United States,KPLT,0001785424
987,LivePerson,LPSN,40812180.259266,3.4436302661896,United States,LPSN,0001102993
988,Zenvia,ZENV,40652628.804026,0.77334462594986,Brazil,,
989,Tose Software,4728.T,38539545.583735,5.0846801080227,Japan,,
990,BeLive Holdings,BLIV,37414361.797056,3.4436302661896,Singapore,,
991,3i Infotech,3IINFOLTD.NS,37116062.765927,0.17866808377743,India,,
992,Energous,WATT,36143260.258608,16.616476154327,United States,WATT,0001575793
993,Wedia SA,ALWED.PA,34722575.870452,40.64840683651,France,,
994,Beamr Imaging,BMR,34393609.327555,2.2146767139435,Israel,BMR,0001289236
995,Nippon Ichi Software,3851.T,34265684.223886,6.7715468744755,Japan,,
996,Zoom Telephonics,MINM,33967861.412258,4.6213774204254,United States,MINM,0001467761
997,YOC AG,YOC.DE,33223751.799092,9.5567268702507,Germany,,
998,Neonode,NEON,32871780.781889,1.9586447238922,Sweden,NEON,0000087050
998,Neonode,NEON,32871780.781889,1.9586447238922,Sweden,NEON,0001072978
999,authID,AUID,31253433.296614,2.0738591194153,United States,AUID,0001534154
1000,INTERSHOP Communications,ISHA.DE,30937680.564723,1.6319991109848,Germany,,
1001,Smith Micro Software,SMSI,27652850.299883,1.0828873019218,United States,SMSI,0000948708
1002,Greenidge Generation Holdings,GREE,27506330.872936,1.7410175323486,United States,GREE,0001844971
1003,NJ Holdings,9421.T,27337294.712625,5.1650101449013,Japan,,
1004,System1,SST,26877787.69928,2.6883358955383,United States,SST,0001805833
1005,SurgePays,SURG,26698250.386896,1.1393423557281,United States,SURG,0000836429
1005,SurgePays,SURG,26698250.386896,1.1393423557281,United States,SURG,0001392694
1006,iomart Group,IOM.L,25895814.126077,0.22812578329563,United Kingdom,,
1007,Nacon,NACON.PA,25673880.47646,0.23553662924767,France,,
1008,Verimatrix,VMX.PA,22973000.29357,0.2631778428936,France,,
1009,CISO Global,CISO,22610932.654839,0.5133441400528,United States,CISO,0001777319
1010,VIA optronics AG,VIAO,22359086.787825,0.28560368490219,Germany,,
1011,Rail Vision,RVSN,22254761.432838,10.151668405533,Israel,,
1012,Cyngn,CYN,22050325.009422,2.7651454925537,United States,CYN,0000201461
1012,Cyngn,CYN,22050325.009422,2.7651454925537,United States,CYN,0001874097
1013,AppTech Payments,APCX,21939634.699163,0.55558941841125,United States,APCX,0001070050
1014,Semilux International,SELX,21800998.49719,0.58247277736664,Taiwan,,
1015,Appirits,4174.T,21416542.141089,5.3015648067951,Japan,,
1016,WonderPlanet,4199.T,21053196.902728,8.2575949495316,Japan,,
1017,Upland Software,UPLD,20546489.111857,0.7056241645813,United States,UPLD,0001505155
1018,Perpetuals.com,PDC,19994719.690738,6.5544189453125,Japan,PDC,0000320575
1019,Swvl Holdings,SWVL,19899287.606926,1.9970495223999,United Arab Emirates,,
1020,The Glimpse Group,VRAR,18347285.691233,0.87050876617432,United States,VRAR,0001854445
1021,Starbreeze,STAR-B.ST,18307823.480606,0.011270246566868,Sweden,,
1022,WeTrade Group,WETG,16970961.405673,6.4648077487946,China,WETG,0001784970
1023,SOS Limited,SOS,16658715.031886,1.8690335273743,China,SOS,0000933452
1023,SOS Limited,SOS,16658715.031886,1.8690335273743,China,SOS,0001346610
1024,Trust Stamp,IDAI,16049440.825801,3.0595822811127,United States,IDAI,0001004981
1024,Trust Stamp,IDAI,16049440.825801,3.0595822811127,United States,IDAI,0001718939
1025,Signing Day Sports,SGN,15450192.832446,1.1264127402306,United States,SGN,0000810365
1025,Signing Day Sports,SGN,15450192.832446,1.1264127402306,United States,SGN,0001898474
1026,Silicon Studio,3907.T,15390568.102603,5.6068061453342,Japan,,
1027,enish,3667.T,15358035.397787,0.45786328796864,Japan,,
1028,SIMPPLE,SPPL,15332987.7882,2.6499310970306,Singapore,,
1029,Guardforce AI,GFAI,15112901.409392,0.69256653308868,Singapore,,
1030,Jump Networks,JUMPNET.NS,14938601.231365,0.15361919403076,India,,
1031,Marpai,MRAI,14674081.780844,0.61447677612305,United States,MRAI,0001844392
1032,OLB Group,OLB,13055729.174929,0.80138012886047,United States,OLB,0001314196
1033,AlphaTON Capital Corp,ATON,11871008.989444,0.50655929231644,British Virgin Islands,,
1034,Yunji,YJ,11854300.341773,2.4067007064819,China,,
1035,SeaChange,SEAC,10752001.974525,4.1605198383331,United States,SEAC,0001019671
1036,Locafy,LCFY,10594159.532819,5.8887357711792,Australia,,
1037,VERSES AI,VERS.NE,10462949.538717,0.82515397929668,Canada,,
1038,CXApp,CXAI,10283179.237223,0.2816351890564,United States,CXAI,0001820875
1039,Cemtrex,CETX,9900662.3234463,0.98239474582672,United States,CETX,0001435064
1040,Socket Mobile,SCKT,9392212.2348833,1.1774911222458,United States,SCKT,0000944075
1041,Witbe S.A.,ALWIT.PA,9275100.642314,2.2568579843044,France,,
1042,BIO-key International,BKYI,9183663.9377069,0.8474658870697,United States,BKYI,0001019034
1043,Treasure Global,TGL,8220390.9410572,4.9055729293823,Malaysia,TGL,0001905956
1044,zSpace,ZSPC,8189827.1222448,0.24591872644424,United States,ZSPC,0001637147
1045,Orangekloud Technology,ORKT,7924361.6335201,1.3569695472717,Singapore,,
1046,Aterian,ATER,7445008.3004665,0.74249277114868,United States,ATER,0001310630
1046,Aterian,ATER,7445008.3004665,0.74249277114868,United States,ATER,0001757715
1047,Sphere 3D,ANY,6948760.6965494,2.0482559204102,Canada,ANY,0001591956
1048,Super League Enterprise,SLE,6481960.611968,5.587898182869,United States,SLE,0000023666
1048,Super League Enterprise,SLE,6481960.611968,5.587898182869,United States,SLE,0001621672
1049,Versus Systems,VS,6086684.3439674,1.2417551517487,Canada,VS,0001701963
1050,Kidpik,PIK,5946218.7934256,3.0467806816101,United States,PIK,0001094286
1050,Kidpik,PIK,5946218.7934256,3.0467806816101,United States,PIK,0001861522
1051,Lucas GC,LGCL,5934903.4596252,2.1250655174255,China,,
1052,Jet.AI,JTAI,5763723.0313969,0.12673583507538,United States,JTAI,0001861622
1053,Urgent.ly Inc.,ULY,5693662.4376392,2.5987246990204,United States,ULY,0001603652
1054,Focus Universal,FCUV,5304214.7378922,5.3766717910767,United States,FCUV,0001590418
1055,Foresight Autonomous Holdings,FRSX,5131787.4338722,3.520439863205,Israel,,
1056,Mynaric,M0YN.DE,4960299.7672558,0.78506577045441,Germany,,
1057,Netcapital,NCPL,4671653.1421518,0.5952743768692,United States,NCPL,0001414767
1058,Onfolio Holdings,ONFO,4129719.18993,0.70434400463104,United States,ONFO,0001825452
1059,Marin Software,MRIN,3665877.5549936,1.1497116513252,United States,MRIN,0001389002
1059,Marin Software,MRIN,3665877.5549936,1.1497116513252,United States,MRIN,0001527599
1060,Xiao-I,AIXI,3452062.6797819,0.25859230995178,China,,
1061,Mobile-health Network Solutions,MNDR,2925895.1775074,1.1009375572205,Singapore,,
1062,IMTE,IMTE,2698371.0693884,0.78294582557678,Australia,IMTE,0001668438
1063,"Fr8Tech 
 (Freight Technologies)",FRGT,2423007.3839283,1.5489935398102,United States,FRGT,0001687542
1064,G Medical Innovations,GMVD,2274352.6501846,0.2317089509964,Israel,GMVD,0001760764
1065,HUB Cyber Security,HUBC,2115655.0616312,0.968825050354,Israel,,
1066,Starbox Group,STBX,1454200.2558136,2.7011374950409,Malaysia,,
1067,Argo Blockchain,ARBK,1225805.6389284,3.6740590572357,United Kingdom,ARBK,0001136655
1068,Lifeward,LFWD,747260.08680344,0.49017324495316,Israel,LFWD,0001607962
1069,Exela Technologies,XELA,390782.9065752,0.01408175945282,United States,XELA,0001620179
1070,Fintech Scion (FintechCashier),FINR,254422.8289938,0.0012801599502563,United Kingdom,FINR,0001623590
1071,BloomZ,BLMZ,240069.67563152,0.16386047363281,United States,,
1072,Remark Holdings,MARK,158488.92248154,0.0025603199005127,United States,MARK,0001368365
1073,Movella,MVLA,136855.49948215,0.0026883358955383,United States,MVLA,0001839132
1074,Vinco Ventures,BBIG,83210.396766663,0.0064007997512817,United States,BBIG,0001717556
1075,Presto Automation,PRST,53575.974078178,0.0001280159950256,United States,PRST,0000846876
1075,Presto Automation,PRST,53575.974078178,0.0001280159950256,United States,PRST,0001080306
1075,Presto Automation,PRST,53575.974078178,0.0001280159950256,United States,PRST,0001822145
1076,Triterras,TRIRF,9795.7839393616,0.0001280159950256,Singapore,,
1077,Grom Social Enterprises,GROM,2309.4085502625,0.0002560319900512,United States,GROM,0001662574
